0,,,
1,10年,10ねん,10年《ねん》
2,ATM,えてえむ,ATM《えーてぃーえむ》
3,[お腹などが]たる,おなどがたる,[お腹などが]たる
4,[仕事などが]きつ,などがきつ,[仕事などが]きつ
5,[仕事などが]疲れ,などがれ,[仕事などが]疲れ
6,[値段が]高,が,[値段が]高
7,[古くて]よれてい,くてよれてい,[古くて]よれてい
8,[味などが]こってりしてい,などがこてりしてい,[味などが]こってりしてい
9,[喉、筋肉などが]痛,などが,[喉、筋肉などが]痛
10,[場所が]ゆったりしてい,がゆたりしてい,[場所が]ゆったりしてい
11,[大学の]単位,だいがくのたんい,[大学《だいがく》の]単位《たんい》
12,[心地よく]驚い,よくい,[心地よく]驚い
13,[知的に面白],に,[知的に面白]
14,[部屋などが]息苦し,などがし,[部屋などが]息苦し
15,泡,ちいさなあわ,《ちいさな》泡《あわ》
16,,てんき,《天気》《てんき》
17,あくび,あくび,あくび
18,あくびを,あくびを,あくびを
19,あだ名,あだな,あだ名《な》
20,あなた,あなた,あなた
21,あなたたち,あなたたち,あなたたち
22,あなたの,あなたの,あなたの
23,ありそう,ありそう,ありそう
24,あれ,あれ,あれ
25,あれら,あれら,あれら
26,あんこ,あんこ,あんこ
27,いい加減,いい,いい加減
28,いくら,いくら,いくら
29,いた,いた,いた
30,いたずら電話,いたずらでんわ,いたずら電話《でんわ》
31,いっぱい,いぱい,いっぱい
32,いなくてさびしく思,いなくてさびしくおも,いなくてさびしく思《おも》
33,うっとうし,うとうし,うっとうし
34,うつ病,うつうつびう,うつ病《うつびょう》
35,うなず,うなず,うなず
36,うぬぼれ,うぬぼれ,うぬぼれ
37,うるさ,うるさ,うるさ
38,うろたえ,うろたえ,うろたえ
39,うんち,うんち,うんち
40,えび,えび,えび
41,おしっこ,おしこ,おしっこ
42,おせっかい,おせかい,おせっかい
43,おなら,おなら,おなら
44,おにぎり,おにぎり,おにぎり
45,おもしろ,おもしろ,おもしろ
46,おもちゃ,おもち,おもちゃ
47,おもてなし,おもてなし,おもてなし
48,お土産,おみやげ,お土産《みやげ》
49,お坊さん,おぼうさん,お坊《ぼう》さん
50,お姫様,おひめさま,お姫様《ひめさま》
51,お守り,おまもり,お守《まも》り
52,お尻,おしり,お尻《しり》
53,お手拭き,おてふき,お手拭《てふ》き
54,お手本,おてほん,お手本《てほん》
55,お手洗い,おてあらい,お手洗《てあら》い
56,お札,おさつ,お札《さつ》
57,お湯,おゆ,お湯《ゆ》
58,お知らせ,おしらせ,お知《し》らせ
59,お祭り,おまつり,お祭《まつ》り
60,お笑い,おわらい,お笑《わら》い
61,お笑い芸人,おわらいげいにん,お笑《わら》い芸人《げいにん》
62,お腹,おなか,お腹《なか》
63,お腹いっぱい,おいぱい,お腹いっぱい
64,お腹が空,おが,お腹が空
65,お茶,おち,お茶《ちゃ》
66,お菓子,おかし,お菓子《かし》
67,お酒,おさけ,お酒《さけ》
68,お金,おかね,お金《かね》
69,お金を使,おかねをつか,お金《かね》を使《つか》
70,お金持ち,おかねもち,お金持《かねも》ち
71,お釣り,おつり,お釣《つ》り
72,お風呂,おふろ,お風呂《ふろ》
73,かかと,かかと,かかと
74,かき回,かきまわ,かき回《まわ》
75,かっこ良,かこ,かっこ良
76,かゆみ,かゆみ,かゆみ
77,から,から,から
78,からか,からか,からか
79,から遠く離れて,からとおくはなれて,から遠《とお》く離《はな》れて
80,から離れて,からはなれて,から離《はな》れて
81,かわいそう,かわいそう,かわいそう
82,がっかり,がかり,がっかり
83,がっかりさせ,がかりさせ,がっかりさせ
84,きつね色に焼,きつねいろにや,きつね色《いろ》に焼《や》
85,きのこ,きのこ,きのこ
86,きゅうり,きうり,きゅうり
87,きれい,きれい,きれい
88,きれいに,きれいに,きれいに
89,く,く,く
90,くし,くし,くし
91,くしゃみ,くしみ,くしゃみ
92,くしゃみを,くしみを,くしゃみを
93,くじ,くじ,くじ
94,くたくた,くたくた,くたくた
95,くつろ,くつろ,くつろ
96,くる,くる,くる
97,くるぶし,くるぶし,くるぶし
98,こだわっ,こだわ,こだわっ
99,こだわり,こだわり,こだわり
100,こぶし,こぶし,こぶし
101,これ,これ,これ
102,これら,これら,これら
103,ごろ,ごろ,ごろ
104,さっぱり,さぱり,さっぱり
105,さっぱりしてい,さぱりしてい,さっぱりしてい
106,した,した,した
107,しっとり,しとり,しっとり
108,しょっぱ,しぱ,しょっぱ
109,しらふ,しらふ,しらふ
110,しわくちゃ,しわくち,しわくちゃ
111,じゃがいも,じがいも,じゃがいも
112,じゅうに,じうに,じゅうに
113,すご,すご,すご
114,すす,すす,すす
115,すすり泣,すすりな,すすり泣《な》
116,すでに,すでに,すでに
117,すね,すね,すね
118,すべて,すべて,すべて
119,すりおろ,すりおろ,すりおろ
120,すりおろされてい,すりおろされてい,すりおろされてい
121,すりつぶ,すりつぶ,すりつぶ
122,する,する,する
123,ずる,ずる,ずる
124,ずるを,ずるを,ずるを
125,せっかち,せかち,せっかち
126,それ,それ,それ
127,それの,それの,それの
128,それまでずっと,それまでずと,それまでずっと
129,それら,それら,それら
130,それらの,それらの,それらの
131,それ以前,それいぜん,それ以前《いぜん》
132,そわそわし,そわそわし,そわそわし
133,たこ,たこ,たこ
134,たばこを吸,たばこをす,たばこを吸《す》
135,たまねぎ,たまねぎ,たまねぎ
136,ため息,ためいき,ため息《いき》
137,ため息をつ,ためいきをつ,ため息《いき》をつ
138,たんぽぽ,たんぽぽ,たんぽぽ
139,だらしな,だらしな,だらしな
140,つつまし,つつまし,つつまし
141,つぶ,つぶ,つぶ
142,つま,つま,つま
143,つまず,つまず,つまず
144,つまらな,つまらな,つまらな
145,つわり,つわり,つわり
146,で,で,で
147,と,と,と
148,とても素晴らし,とてもらし,とても素晴らし
149,とろ,とろ,とろ
150,とんかつ,とんかつ,とんかつ
151,に,に,に
152,において,において,において
153,にかけて,にかけて,にかけて
154,にが,にが,にが
155,について,について,について
156,にとって,にとて,にとって
157,には,には,には
158,にんじん,にんじん,にんじん
159,にんにく,にんにく,にんにく
160,に接して,にせして,に接《せっ》して
161,に沿って,にそて,に沿《そ》って
162,のあいだ,のあいだ,の《間》あいだ
163,のそばに,のそばに,のそばに
164,のために,のために,のために
165,のどが渇,のどが,のどが渇
166,のほうへ,のほうへ,のほうへ
167,のように,のように,のように
168,のんき,のんき,のんき
169,の上に,のうえに,の上《うえ》に
170,の上のほうに,のうえのほうに,の上《うえ》のほうに
171,の下に,のしたに,の下《した》に
172,の下のほうに,のしたのほうに,の下《した》のほうに
173,の中ごろに,のなかごろに,の中《なか》ごろに
174,の中に,のなかに,の中《なか》に
175,の初めに,のはじめに,の初《はじ》めに
176,の前に,のまえに,の前《まえ》に
177,の右側に,のみぎがわに,の右側《みぎがわ》に
178,の周りに,のまわりに,の周《まわ》りに
179,の外へ,のそとへ,の外《そと》へ
180,の奥に,のおくに,の奥《おく》に
181,の左側に,のひだりがわに,の左側《ひだりがわ》に
182,の後ろに,のうしろに,の後《うし》ろに
183,の横に,のよこに,の横《よこ》に
184,の終わりに,のおわりに,の終《お》わりに
185,の表面に,のひうめんに,の表面《ひょうめん》に
186,の角に,のかどに,の角《かど》に
187,の近くに,のちかくに,の近《ちか》くに
188,の間,のあいだ,の間《あいだ》
189,の間に,のあいだに,の間《あいだ》に
190,ばか,ばか,ばか
191,ばつが悪,ばつが,ばつが悪
192,ひき肉に,ひきにくに,ひき肉《にく》に
193,ひっかき傷,ひかききず,ひっかき傷《きず》
194,ひど,ひど,ひど
195,ひまわり,ひまわり,ひまわり
196,ひも,ひも,ひも
197,ひらめき,ひらめき,ひらめき
198,びっくり,びくり,びっくり
199,ふくらはぎ,ふくらはぎ,ふくらはぎ
200,ぶつ切りに,ぶつぎりに,ぶつ切《ぎ》りに
201,ぶどう,ぶどう,ぶどう
202,ほうれん草,ほうれんそう,ほうれん草《そう》
203,ほこりっぽ,ほこりぽ,ほこりっぽ
204,ほっと,ほと,ほっと
205,ほっぺ,ほぺ,ほっぺ
206,ぼうっとし,ぼうとし,ぼうっとし
207,まじめ,まじめ,まじめ
208,まず,まず,まず
209,まだ,まだ,まだ
210,まで,まで,まで
211,までに,までに,までに
212,まとも,まとも,まとも
213,まな板,まないた,まな板《いた》
214,まれ,まれ,まれ
215,みかん,みかん,みかん
216,みじん切りに,みじんぎりに,みじん切《ぎ》りに
217,みりん,みりん,みりん
218,む,む,む
219,むかつかせてい,むかつかせてい,むかつかせてい
220,むく,むく,むく
221,めまいが,めまいが,めまいが
222,もっと悪,もと,もっと悪
223,もっと良,もと,もっと良
224,もやし,もやし,もやし
225,もら,もら,もら
226,やかん,やかん,やかん
227,やせ,やせ,やせ
228,やる気,やる,やる気
229,やる気,やるき,やる気《き》
230,やんちゃ,やんち,やんちゃ
231,ゆす,ゆす,ゆす
232,よく働い,よくい,よく働い
233,よく焼けてい,よくけてい,よく焼けてい
234,りんご,りんご,りんご
235,りんごジュース,りんごじす,りんごジュース
236,ろうそく,ろうそく,ろうそく
237,わさび,わさび,わさび
238,わんぱく,わんぱく,わんぱく
239,を向こうへ,をむこうへ,を向《む》こうへ
240,を横切って,をよこぎて,を横切《よこぎ》って
241,を通して,をとおして,を通《とお》して
242,を通って,をとおて,を通《とお》って
243,んだ,んだ,んだ
244,アイスクリーム,あいすくりむ,アイスクリーム
245,アイススケートを,あいすすけとを,アイススケートを
246,アイロン,あいろん,アイロン
247,アイロンかけ,あいろんかけ,アイロンかけ
248,アクセサリー,あくせさり,アクセサリー
249,アクセル,あくせる,アクセル
250,アザラシ,あざらし,アザラシ
251,アジア人,あじあ,アジア人
252,アニメ,あにめ,アニメ
253,アパート,あぱと,アパート
254,アパートの部屋,あぱとのへや,アパートの部屋《へや》
255,アフリカ人,あふりか,アフリカ人
256,アプリ,あぷり,アプリ
257,アメリカ人,あめりか,アメリカ人
258,アラビア人,あらびあ,アラビア人
259,アリ,あり,アリ
260,アルコール,あるこる,アルコール
261,アルバイト,あるばいと,アルバイト
262,アルバム,あるばむ,アルバム
263,アルミ,あるみ,アルミ
264,アレルギー,あれるぎ,アレルギー
265,イカ,いか,イカ
266,イギリス人,いぎりす,イギリス人
267,イタリア人,いたりあ,イタリア人
268,イベント,いべんと,イベント
269,イヤホン,いやほん,イヤホン
270,イヤリング,いやりんぐ,イヤリング
271,イラつ,いらつ,イラつ
272,イライラ,いらいら,イライラ
273,イライラさせ,いらいらさせ,イライラさせ
274,ウィンドウショッピング,うんどうしぴんぐ,ウィンドウショッピング
275,ウイスキー,ういすき,ウイスキー
276,ウニ,うに,ウニ
277,エアコン,えあこん,エアコン
278,エスカレーター,えすかれた,エスカレーター
279,エスカレーターで行,えすかれたでい,エスカレーターで行《い》
280,エレベーター,えれべた,エレベーター
281,エレベーターで行,えれべたでい,エレベーターで行《い》
282,エンジン,えんじん,エンジン
283,オムライス,おむらいす,オムライス
284,オムレツ,おむれつ,オムレツ
285,オリーブオイル,おりぶおいる,オリーブオイル
286,オレンジ,おれんじ,オレンジ
287,オレンジジュース,おれんじじす,オレンジジュース
288,オレンジ色,おれんじ,オレンジ色
289,オークション,おくしん,オークション
290,オートバイ,おとばい,オートバイ
291,オーブン,おぶん,オーブン
292,オーブントースター,おぶんとすた,オーブントースター
293,カジュアル,かじある,カジュアル
294,カップ,かぷ,カップ
295,カップラーメン,かぷらめん,カップラーメン
296,カップル,かぷる,カップル
297,カビ臭,かび,カビ臭
298,カフェ,かふ,カフェ
299,カミソリ,かみそり,カミソリ
300,カメラ,かめら,カメラ
301,カラオケ,からおけ,カラオケ
302,カリカリしてい,かりかりしてい,カリカリしてい
303,カレー,かれ,カレー
304,カレーライス,かれらいす,カレーライス
305,カーテン,かてん,カーテン
306,カード,かど,カード
307,カーナビ,かなび,カーナビ
308,カールしてい,かるしてい,カールしてい
309,ガス,がす,ガス
310,ガスコンロ,がすこんろ,ガスコンロ
311,ガスストーブ,がすすとぶ,ガスストーブ
312,ガソリン,がそりんがそりん,ガソリン《がそりん》
313,ガゾリンスタンド,がぞりんすたんど,ガゾリンスタンド
314,ガム,がむ,ガム
315,キッチン,きちん,キッチン
316,キッチンペーパー,きちんぺぱ,キッチンペーパー
317,キャッシュカード,きしかど,キャッシュカード
318,キャベツ,きべつ,キャベツ
319,キャラクター,きらくた,キャラクター
320,キャンセル,きんせる,キャンセル
321,キログラム,きろぐらむ,キログラム
322,キロメートル,きろめとる,キロメートル
323,キーボード,きぼど,キーボード
324,ギター,ぎた,ギター
325,ギャンブル,ぎんぶる,ギャンブル
326,クリスマス,くりすます,クリスマス
327,クリニック,くりにく,クリニック
328,クリーニング店,くりにんぐてん,クリーニング店《てん》
329,クリーム,くりむ,クリーム
330,クレジットカード,くれじとかど,クレジットカード
331,クーポン,くぽん,クーポン
332,グラム,ぐらむ,グラム
333,グレープフルーツ,ぐれぷふるつ,グレープフルーツ
334,グレープフルーツジュース,ぐれぷふるつじす,グレープフルーツジュース
335,ケチャップ,けちぷ,ケチャップ
336,ケーキ,けき,ケーキ
337,ゲスト,げすと,ゲスト
338,ゲーム,げむ,ゲーム
339,コイン,こいん,コイン
340,コインランドリー,こいんらんどり,コインランドリー
341,コインロッカー,こいんろか,コインロッカー
342,コップ,こぷ,コップ
343,コネ,こね,コネ
344,コマーシャル,こましる,コマーシャル
345,コンサート,こんさと,コンサート
346,コンサートを開,こんさとをひら,コンサートを開《ひら》
347,コンビニ,こんびに,コンビニ
348,コンプレックス,こんぷれくす,コンプレックス
349,コース,こす,コース
350,コート,こと,コート
351,コーヒー,こひ,コーヒー
352,コーヒーカップ,こひかぷ,コーヒーカップ
353,コーヒーメーカー,こひめか,コーヒーメーカー
354,コーラ,こら,コーラ
355,ゴキブリ,ごきぶり,ゴキブリ
356,ゴミ,ごみ,ゴミ
357,ゴミ箱,ごみばこ,ゴミ箱《ばこ》
358,ゴルフ,ごるふ,ゴルフ
359,サイコロ,さいころ,サイコロ
360,サイン,さいん,サイン
361,サッカー,さか,サッカー
362,サプリメント,さぷりめんと,サプリメント
363,サラダ,さらだ,サラダ
364,サランラップ,さらんらぷ,サランラップ
365,サングラス,さんぐらす,サングラス
366,サンドイッチ,さんどいち,サンドイッチ
367,サンプル,さんぷる,サンプル
368,サークル,さくる,サークル
369,シミ,しみ,シミ
370,シャワー,しわ,シャワー
371,シャンプー,しんぷ,シャンプー
372,ショックを受け,しくをけ,ショックを受け
373,ショッピング,しぴんぐ,ショッピング
374,シワ,しわ,シワ
375,シート,しと,シート
376,ジム,じむ,ジム
377,ジャケット,じけと,ジャケット
378,ジャンプ,じんぷ,ジャンプ
379,ジャージ,じじ,ジャージ
380,ジュース,じす,ジュース
381,ジョギング,じぎんぐ,ジョギング
382,ジョギングを,じぎんぐを,ジョギングを
383,スイッチ,すいち,スイッチ
384,スイーツ,すいつ,スイーツ
385,スカート,すかと,スカート
386,スキーに行,すきにい,スキーに行《い》
387,スキーを,すきを,スキーを
388,スケートを,すけとを,スケートを
389,ステンレス,すてんれす,ステンレス
390,ステーキ,すてき,ステーキ
391,ストレス,すとれす,ストレス
392,ストレスが多,すとれすが,ストレスが多
393,ストレスを感,すとれすを,ストレスを感
394,ストレッチを,すとれちを,ストレッチを
395,ストーブ,すとぶ,ストーブ
396,スパゲッティ,すぱげて,スパゲッティ
397,スプレー,すぷれ,スプレー
398,スプーン,すぷん,スプーン
399,スポーツ,すぽつ,スポーツ
400,スポーツジム,すぽつじむ,スポーツジム
401,スマートフォン,すまとふん,スマートフォン
402,スライス,すらいす,スライス
403,スーツ,すつ,スーツ
404,スーツケース,すつけす,スーツケース
405,スーパー,すぱ,スーパー
406,スープ,すぷ,スープ
407,ズボン,ずぼん,ズボン
408,センチメートル,せんちめとる,センチメートル
409,ソファー,そふ,ソファー
410,ソース,そす,ソース
411,ゾクゾクさせてい,ぞくぞくさせてい,ゾクゾクさせてい
412,ゾクゾクし,ぞくぞくし,ゾクゾクし
413,タイトル,たいとる,タイトル
414,タオル,たおる,タオル
415,タクシー,たくし,タクシー
416,タブレット端末,たぶれとたんまつ,タブレット端末《たんまつ》
417,ダイエット,だいえと,ダイエット
418,ダンサー,だんさ,ダンサー
419,ダンス,だんす,ダンス
420,ダンボール箱,だんぼるばこ,ダンボール箱《ばこ》
421,チェックアウト,ちくあうと,チェックアウト
422,チェックイン,ちくいん,チェックイン
423,チケット,ちけと,チケット
424,チップを渡,ちぷをわた,チップを渡《わた》
425,チャンス,ちんす,チャンス
426,チョコレート,ちこれと,チョコレート
427,チーズ,ちず,チーズ
428,ツアー,つあ,ツアー
429,ツアーガイド,つあがいど,ツアーガイド
430,ティッシュペーパー,てしぺぱ,ティッシュペーパー
431,ティーシャツ,てしつ,ティーシャツ
432,テスト,てすと,テスト
433,テニス,てにす,テニス
434,テレビ,てれび,テレビ
435,テレビタレント,てれびたれんと,テレビタレント
436,テーブル,てぶる,テーブル
437,テープ,てぷ,テープ
438,デザート,でざと,デザート
439,デジタルカメラ,でじたるかめら,デジタルカメラ
440,デパート,でぱと,デパート
441,データ,でた,データ
442,デート,でと,デート
443,トイレ,といれ,トイレ
444,トイレットペーパー,といれとぺぱ,トイレットペーパー
445,トマト,とまと,トマト
446,トラック,とらく,トラック
447,トランプ,とらんぷ,トランプ
448,トリック,とりく,トリック
449,トリートメント,とりとめんと,トリートメント
450,トレーニング,とれにんぐ,トレーニング
451,ドイツ人,どいつ,ドイツ人
452,ドライブ,どらいぶ,ドライブ
453,ドライヤー,どらいや,ドライヤー
454,ドラマ,どらま,ドラマ
455,ナイフ,ないふ,ナイフ
456,ニュース,にす,ニュース
457,ネクタイ,ねくたい,ネクタイ
458,ネックレス,ねくれす,ネックレス
459,ネットショッピング,ねとしぴんぐ,ネットショッピング
460,ネバネバ,ねばねば,ネバネバ
461,ネバネバしてい,ねばねばしてい,ネバネバしてい
462,ノート,のと,ノート
463,ハイキング,はいきんぐ,ハイキング
464,ハガキ,はがき,ハガキ
465,ハサミ,はさみ,ハサミ
466,ハプニング,はぷにんぐ,ハプニング
467,ハム,はむ,ハム
468,ハンカチ,はんかち,ハンカチ
469,ハンガー,はんが,ハンガー
470,ハンコ,はんこ,ハンコ
471,ハンドソープ,はんどそぷ,ハンドソープ
472,ハンドル,はんどる,ハンドル
473,ハンバーガー,はんばが,ハンバーガー
474,ハンバーグ,はんばぐ,ハンバーグ
475,バス,ばす,バス
476,バスを利用,ばすをりよう,バスを利用《りよう》
477,バスケットボール,ばすけとぼる,バスケットボール
478,バス停,ばすてい,バス停《てい》
479,バター,ばた,バター
480,バッグ,ばぐ,バッグ
481,バナナ,ばなな,バナナ
482,バランスが取れてい,ばらんすがれてい,バランスが取れてい
483,バランスが悪,ばらんすが,バランスが悪
484,バルコニー,ばるこに,バルコニー
485,バーチャル,ばちる,バーチャル
486,パサパサしてい,ぱさぱさしてい,パサパサしてい
487,パジャマ,ぱじま,パジャマ
488,パスタ,ぱすた,パスタ
489,パスワード,ぱすわど,パスワード
490,パソコン,ぱそこん,パソコン
491,パトカー,ぱとか,パトカー
492,パフォーマンス,ぱふまんす,パフォーマンス
493,パレード,ぱれど,パレード
494,パン,ぱん,パン
495,パンツ,ぱんつ,パンツ
496,パーカー,ぱか,パーカー
497,パーセント,ぱせんと,パーセント
498,パーティー,ぱて,パーティー
499,ヒリヒリしてい,ひりひりしてい,ヒリヒリしてい
500,ビタミン,びたみん,ビタミン
501,ビデオ,びでお,ビデオ
502,ビニール,びにる,ビニール
503,ビル,びる,ビル
504,ビール,びる,ビール
505,ピアス,ぴあす,ピアス
506,ピアノ,ぴあの,ピアノ
507,ピクニック,ぴくにく,ピクニック
508,ピザ,ぴざ,ピザ
509,ピンク色,ぴんく,ピンク色
510,ピーマン,ぴまん,ピーマン
511,ファイル,ふいる,ファイル
512,フェリー,ふり,フェリー
513,フォーク,ふく,フォーク
514,フォーマル,ふまる,フォーマル
515,フライパン,ふらいぱん,フライパン
516,フランス人,ふらんす,フランス人
517,ブラシ,ぶらし,ブラシ
518,ブレーキ,ぶれき,ブレーキ
519,ブーケ,ぶけ,ブーケ
520,プラスチック,ぷらすちく,プラスチック
521,ベッド,べど,ベッド
522,ベッドに行,べどにい,ベッドに行《い》
523,ベランダ,べらんだ,ベランダ
524,ベルト,べると,ベルト
525,ベーコン,べこん,ベーコン
526,ペット,ぺと,ペット
527,ペットボトル,ぺとぼとる,ペットボトル
528,ホッチキス,ほちきす,ホッチキス
529,ホテル,ほてる,ホテル
530,ホース,ほす,ホース
531,ホームシック,ほむしく,ホームシック
532,ボウリング,ぼうりんぐ,ボウリング
533,ボウル,ぼうる,ボウル
534,ボディソープ,ぼでそぷ,ボディソープ
535,ボール,ぼる,ボール
536,ボールペン,ぼるぺん,ボールペン
537,ポイント,ぽいんと,ポイント
538,ポイントカード,ぽいんとかど,ポイントカード
539,ポケット,ぽけと,ポケット
540,ポスター,ぽすた,ポスター
541,ポスト,ぽすと,ポスト
542,ポーチ,ぽち,ポーチ
543,マスク,ますく,マスク
544,マスク,ますくしろ,マスク《しろ》
545,マスタード,ますたど,マスタード
546,マヨネーズ,まよねず,マヨネーズ
547,マンション,まんしん,マンション
548,ミシン,みしん,ミシン
549,ミリグラム,みりぐらむ,ミリグラム
550,ミリメートル,みりめとる,ミリメートル
551,ミルクのよう,みるくのよう,ミルクのよう
552,ミルクティー,みるくて,ミルクティー
553,ムカつ,むかつ,ムカつ
554,メニュー,めに,メニュー
555,メモ,めも,メモ
556,メモ帳,めもちう,メモ帳《ちょう》
557,メートル,めとる,メートル
558,メール,める,メール
559,ユニーク,ゆにく,ユニーク
560,ヨーロッパ人,よろぱ,ヨーロッパ人
561,ライター,らいた,ライター
562,ラジオ,らじお,ラジオ
563,ランニング,らんにんぐ,ランニング
564,ランニングシューズ,らんにんぐしず,ランニングシューズ
565,リサイクルされてい,りさいくるされてい,リサイクルされてい
566,リサイクル可能,りさいくる,リサイクル可能
567,リスク,りすく,リスク
568,リスト,りすと,リスト
569,リフレッシュ,りふれし,リフレッシュ
570,リラックス,りらくす,リラックス
571,リーダー,りだ,リーダー
572,レインコート,れいんこと,レインコート
573,レシート,れしと,レシート
574,レタス,れたす,レタス
575,レンジでチン,れんじでちん,レンジでチン
576,ロシア人,ろしあ,ロシア人
577,ロマンティック,ろまんてく,ロマンティック
578,ローストされてい,ろすとされてい,ローストされてい
579,ワイシャツ,わいしつ,ワイシャツ
580,ワクワク,わくわく,ワクワク
581,ワクワクさせてい,わくわくさせてい,ワクワクさせてい
582,一口吸,ひとくちす,一口《ひとくち》吸《す》
583,一輪車,いちりんし,一輪車《いちりんしゃ》
584,三角,さんかく,三角
585,上品,じょうひん,上品
586,上手,じょうず,上手
587,上着,うわぎ,上着《うわぎ》
588,下品,げひん,下品
589,下手,へた,下手
590,下着,したぎ,下着《したぎ》
591,不便,ふべん,不便
592,不動産,ふどうさん,不動産《ふどうさん》
593,不動産屋,ふどうさんや,不動産屋《ふどうさんや》
594,不動産業,ふどうさんぎう,不動産業《ふどうさんぎょう》
595,不可能,ふかのう,不可能
596,不器用,ぶきよう,不器用
597,不安,ふあん,不安
598,不平等,ふびうどう,不平等《ふびょうどう》
599,不幸,ふこう,不幸
600,不幸,ふこう,不幸《ふこう》
601,不快,ふかい,不快
602,不正,ふせい,不正《ふせい》
603,不正行為,ふせいこうい,不正行為《ふせいこうい》
604,不正規,ふせいき,不正規
605,不正解,ふせいかい,不正解《ふせいかい》
606,不気味,ぶきみ,不気味
607,不注意,ふちゅうい,不注意
608,不満,ふまん,不満《ふまん》
609,不潔,ふけつ,不潔
610,不要,ふよう,不要
611,不足,ふそく,不足《ふそく》
612,不運,ふうん,不運《ふうん》
613,世界遺産,せかいいさん,世界遺産《せかいいさん》
614,世話を,せわを,世話《せわ》を
615,両替所,りうがえじ,両替所《りょうがえじょ》
616,中国人,ちゅうごくじん,中国人
617,中学校,ちうがこう,中学校《ちゅうがっこう》
618,中学生,ちうがくせい,中学生《ちゅうがくせい》
619,中心,ちうしん,中心《ちゅうしん》
620,中指,なかゆび,中指《なかゆび》
621,中身,なかみ,中身《なかみ》
622,丸,まる,丸
623,丸まってい,まてい,丸まってい
624,主役,しやく,主役《しゅやく》
625,主食,ししく,主食《しゅしょく》
626,乳製品,にうせいひん,乳製品《にゅうせいひん》
627,乾か,かわか,乾《かわ》か
628,了承,りうしう,了承《りょうしょう》
629,予告,よこく,予告《よこく》
630,予定,よてい,予定《よてい》
631,予定を変更,よていをへんこう,予定《よてい》を変更《へんこう》
632,予想,よそう,予想《よそう》
633,予期されてい,されてい,予期されてい
634,予測,よそく,予測《よそく》
635,予算,よさん,予算《よさん》
636,予約,よやく,予約《よやく》
637,予防,よぼう,予防《よぼう》
638,事,こと,事《こと》
639,事件,じけん,事件《じけん》
640,事務,じむ,事務《じむ》
641,事務局,じむきく,事務局《じむきょく》
642,事務所,じむし,事務所《じむしょ》
643,事実,じじつ,事実《じじつ》
644,事故,じこ,事故《じこ》
645,事柄,ことがら,事柄《ことがら》
646,交差点,こうさてん,交差点《こうさてん》
647,交換,こうかん,交換《こうかん》
648,交流,こうりう,交流《こうりゅう》
649,交通,こうつう,交通《こうつう》
650,交通事故,こうつうじこ,交通事故《こうつうじこ》
651,交通手段,こうつうしだん,交通手段《こうつうしゅだん》
652,交通渋滞,こうつうじうたい,交通渋滞《こうつうじゅうたい》
653,交通費,こうつうひ,交通費《こうつうひ》
654,人,ひと,人《ひと》
655,人口,じんこう,人口《じんこう》
656,人嫌い,い,人嫌い
657,人工知能,じんこうちのう,人工知能《じんこうちのう》
658,人差し指,ひとさしゆび,人差《ひとさ》し指《ゆび》
659,人権,じんけん,人権《じんけん》
660,人気,にんき,人気
661,人気,にんき,人気《にんき》
662,人物,じんぶつ,人物《じんぶつ》
663,人間,にんげん,人間《にんげん》
664,人間的,にんげんてき,人間的
665,仏壇,ぶつだん,仏壇《ぶつだん》
666,仕事,しごと,仕事《しごと》
667,他人,たにん,他人《たにん》
668,代表,だいひう,代表《だいひょう》
669,仮定,かてい,仮定《かてい》
670,仮想通貨,かそうつうか,仮想通貨《かそうつうか》
671,仮面,かめん,仮面《かめん》
672,仲人,なこうど,仲人《なこうど》
673,仲間,なかま,仲間《なかま》
674,件,けん,件《けん》
675,任務を果た,にんむをはた,任務《にんむ》を果《は》た
676,企業,きぎう,企業《きぎょう》
677,休み,やすみ,休《やす》み
678,休憩,きうけい,休憩《きゅうけい》
679,会,あ,会《あ》
680,会う約束,あうやくそく,会《あ》う約束《やくそく》
681,会う約束を,あうやくそくを,会《あ》う約束《やくそく》を
682,会社,かいし,会社《かいしゃ》
683,会社員,かいしいん,会社員《かいしゃいん》
684,会話,かいわ,会話《かいわ》
685,会議,かいぎ,会議《かいぎ》
686,会議室,かいぎしつ,会議室《かいぎしつ》
687,伸ば,のば,伸《の》ば
688,似てい,てい,似てい
689,低,ひく,低
690,住居,じうき,住居《じゅうきょ》
691,住所,じうし,住所《じゅうしょ》
692,住民,じうみん,住民《じゅうみん》
693,住民票,じうみんひう,住民票《じゅうみんひょう》
694,体,からだ,体《からだ》
695,体操,たいそう,体操《たいそう》
696,体温,たいおん,体温《たいおん》
697,体罰,たいばつ,体罰《たいばつ》
698,体育,たいいく,体育《たいいく》
699,体育館,たいいくかん,体育館《たいいくかん》
700,体質,たいしつ,体質《たいしつ》
701,体重,たいじう,体重《たいじゅう》
702,体重計,たいじうけい,体重計《たいじゅうけい》
703,体験,たいけん,体験《たいけん》
704,作品,さくひん,作品《さくひん》
705,作用,さよう,作用《さよう》
706,使,つか,使《つか》
707,使い果た,つかいはた,使《つか》い果《は》た
708,例,れい,例《れい》
709,依存し,し,依存し
710,価値,かち,価値《かち》
711,価格,かかく,価格《かかく》
712,便利,,便利
713,保,たも,保《たも》
714,保健室,ほけんしつ,保健室《ほけんしつ》
715,保健所,ほけんじ,保健所《ほけんじょ》
716,保持,ほじ,保持《ほじ》
717,保育,ほいく,保育《ほいく》
718,保育園,ほいくえん,保育園《ほいくえん》
719,保育士,ほいくし,保育士《ほいくし》
720,保険,ほけん,保険《ほけん》
721,信じられ,じられ,信じられ
722,信じられな,じられな,信じられな
723,信号,しんごう,信号《しんごう》
724,信号機,しんごうき,信号機《しんごうき》
725,信念,しんねん,信念《しんねん》
726,信用,しんよう,信用《しんよう》
727,俳優,はいゆう,俳優《はいゆう》
728,倉庫,そうこ,倉庫《そうこ》
729,個人,,個人
730,借金,しきん,借金《しゃっきん》
731,値段,ねだん,値段《ねだん》
732,値段が手ごろ,がごろ,値段が手ごろ
733,偏り,かたより,偏《かたよ》り
734,停電,ていでん,停電《ていでん》
735,健康,,健康
736,健康,けんこう,健康《けんこう》
737,健康診断,けんこうしんだん,健康診断《けんこうしんだん》
738,傘,かさ,傘《かさ》
739,傷跡,きずあと,傷跡《きずあと》
740,傾,かたむ,傾《かたむ》
741,傾向,けいこう,傾向《けいこう》
742,働,はたら,働《はたら》
743,億,おく,億《おく》
744,優し,し,優し
745,優れ,れ,優れ
746,優柔不断,,優柔不断
747,優雅,,優雅
748,兄弟,きうだい,兄弟《きょうだい》
749,充電,じうでん,充電《じゅうでん》
750,充電器,じうでんき,充電器《じゅうでんき》
751,兆,ちう,兆《ちょう》
752,先払い,い,先払い
753,先生,せんせい,先生《せんせい》
754,先見の名,の,先見の名
755,先見の名が,のが,先見の名が
756,先進国,せんしんこく,先進国《せんしんこく》
757,先頭,せんとう,先頭《せんとう》
758,光沢,,光沢
759,光熱費,こうねつひ,光熱費《こうねつひ》
760,免疫,めんえき,免疫《めんえき》
761,免許,めんき,免許《めんきょ》
762,児童,じどう,児童《じどう》
763,入り口,いりぐち,入《い》り口《ぐち》
764,入場料,にうじうりう,入場料《にゅうじょうりょう》
765,入学,にうがく,入学《にゅうがく》
766,入学式,にうがくしき,入学式《にゅうがくしき》
767,全体的,,全体的
768,全身,ぜんしん,全身《ぜんしん》
769,全部,,全部
770,八百屋,やおや,八百屋《やおや》
771,公園,こうえん,公園《こうえん》
772,公正,,公正
773,共感,きうかん,共感《きょうかん》
774,内心,ないしん,内心《ないしん》
775,内気,,内気
776,内科,ないか,内科《ないか》
777,内科医,ないかい,内科医《ないかい》
778,内緒,ないし,内緒《ないしょ》
779,内臓,ないぞう,内臓《ないぞう》
780,内部,ないぶ,内部《ないぶ》
781,円,えん,円《えん》
782,冒険心,,冒険心
783,冗談を言,じうだんをい,冗談《じょうだん》を言《い》
784,写真,ししん,写真《しゃしん》
785,冬,ふゆ,冬《ふゆ》
786,冬休み,ふゆやすみ,冬休《ふゆやす》み
787,冷や,ひや,冷《ひ》や
788,冷え,え,冷え
789,冷た,た,冷た
790,冷凍庫,れいとうこ,冷凍庫《れいとうこ》
791,冷凍食品,れいとうしくひん,冷凍食品《れいとうしょくひん》
792,冷蔵庫,れいぞうこ,冷蔵庫《れいぞうこ》
793,冷静,,冷静
794,凍ってい,てい,凍ってい
795,凝縮され,され,凝縮され
796,出口,でぐち,出口《でぐち》
797,出品,しぴん,出品《しゅっぴん》
798,出品物,しぴんぶつ,出品物《しゅっぴんぶつ》
799,出品者,しぴんし,出品者《しゅっぴんしゃ》
800,出場,しつじう,出場《しゅつじょう》
801,出席,しせき,出席《しゅっせき》
802,出席者,しせきし,出席者《しゅっせきしゃ》
803,出来事,できごと,出来事《できごと》
804,出演,しつえん,出演《しゅつえん》
805,出産,しさん,出産《しゅっさん》
806,出血,しけつ,出血《しゅっけつ》
807,分,ふん,分《ふん》
808,切り倒,きりたお,切《き》り倒《たお》
809,切り落と,きりおと,切《き》り落《お》と
810,切り離,きりはな,切《き》り離《はな》
811,切れ目,きれめ,切《き》れ目《め》
812,切れてい,れてい,切れてい
813,切符,きぷ,切符《きっぷ》
814,刑事,けいじ,刑事《けいじ》
815,判定,はんてい,判定《はんてい》
816,判断,はんだん,判断《はんだん》
817,判決,はんけつ,判決《はんけつ》
818,到着,とうちく,到着《とうちゃく》
819,制限,せいげん,制限《せいげん》
820,券,けん,券《けん》
821,券売機,けんばいき,券売機《けんばいき》
822,削減,さくげん,削減《さくげん》
823,前々回,ぜんぜんかい,前々回《ぜんぜんかい》
824,前に,まえに,前《まえ》に
825,前に進,まえにすす,前《まえ》に進《すす》
826,前回,ぜんかい,前回《ぜんかい》
827,前進,ぜんしん,前進《ぜんしん》
828,剥,む,剥《む》
829,割れ,れ,割れ
830,割引,わりびき,割引《わりびき》
831,創作,そうさく,創作《そうさく》
832,加害者,かがいし,加害者《かがいしゃ》
833,加湿器,かしつき,加湿器《かしつき》
834,助け,たすけ,助《たす》け
835,助けにな,けにな,助けにな
836,助言,じげん,助言《じょげん》
837,努力を,どりくを,努力《どりょく》を
838,励ま,はげま,励《はげ》ま
839,労働,ろうどう,労働《ろうどう》
840,効果,こうか,効果《こうか》
841,勇気,,勇気
842,勇気,ゆうき,勇気《ゆうき》
843,勉強,べんきう,勉強《べんきょう》
844,動,うご,動《うご》
845,動か,うごか,動《うご》か
846,動き,き,動き
847,動作,どうさ,動作《どうさ》
848,動機,どうき,動機《どうき》
849,動画,どうが,動画《どうが》
850,勘,かん,勘《かん》
851,勝,か,勝《か》
852,勝手,,勝手
853,勝者,しうし,勝者《しょうしゃ》
854,勤勉,,勤勉
855,包,つつ,包《つつ》
856,包みを解,つつみをほど,包《つつ》みを解《ほど》
857,包丁,ほうちう,包丁《ほうちょう》
858,包帯,ほうたい,包帯《ほうたい》
859,化学,かがく,化学《かがく》
860,化学者,かがくし,化学者《かがくしゃ》
861,化石,かせき,化石《かせき》
862,化粧品,けしうひん,化粧品《けしょうひん》
863,化粧室,けしうしつ,化粧室《けしょうしつ》
864,区,く,区《く》
865,区域,くいき,区域《くいき》
866,区役所,くやくし,区役所《くやくしょ》
867,医学,いがく,医学《いがく》
868,医学部,いがくぶ,医学部《いがくぶ》
869,医療,いりう,医療《いりょう》
870,医療検診,いりうけんしん,医療検診《いりょうけんしん》
871,医療費,いりうひ,医療費《いりょうひ》
872,医者,いし,医者《いしゃ》
873,十分,,十分
874,千,せん,千《せん》
875,半分,,半分
876,卒業,そつぎう,卒業《そつぎょう》
877,卒業式,そつぎうしき,卒業式《そつぎょうしき》
878,卓球,たきう,卓球《たっきゅう》
879,協会,きうかい,協会《きょうかい》
880,協力,きうりく,協力《きょうりょく》
881,協力的,,協力的
882,協調,きうちう,協調《きょうちょう》
883,協調性,きうちうせい,協調性《きょうちょうせい》
884,単位,たんい,単位《たんい》
885,単数,,単数
886,単純,,単純
887,単語,たんご,単語《たんご》
888,博士,はかせ,博士《はかせ》
889,博士号,はくしごう,博士号《はくしごう》
890,印象,いんしう,印象《いんしょう》
891,印鑑,いんかん,印鑑《いんかん》
892,危険,,危険
893,危険,きけん,危険《きけん》
894,即時,,即時
895,厄介,,厄介
896,厚,,厚
897,原告,げんこく,原告《げんこく》
898,原因,げんいん,原因《げんいん》
899,原材料,げんざいりう,原材料《げんざいりょう》
900,厳し,し,厳し
901,参加,さんか,参加《さんか》
902,参加者,さんかし,参加者《さんかしゃ》
903,参考書,さんこうし,参考書《さんこうしょ》
904,友好的,,友好的
905,友達,ともだち,友達《ともだち》
906,反則,はんそく,反則《はんそく》
907,反対,はんたい,反対《はんたい》
908,反省,はんせい,反省《はんせい》
909,収容能力,しうようのうりく,収容能力《しゅうようのうりょく》
910,叔母,おば,叔母《おば》
911,叔父,おじ,叔父《おじ》
912,取,と,取《と》
913,取ってお,とてお,取《と》ってお
914,取り出,とりだ,取《と》り出《だ》
915,取り除,とりのぞ,取《と》り除《のぞ》
916,受験,じけん,受験《じゅけん》
917,口,くち,口《くち》
918,口うるさ,うるさ,口うるさ
919,口だけ,だけ,口だけ
920,口喧嘩,くちげんか,口喧嘩《くちげんか》
921,叩,たた,叩《たた》
922,叫,さけ,叫《さけ》
923,叫び,さけび,叫《さけ》び
924,可愛,,可愛
925,可能,,可能
926,台湾人,,台湾人
927,右利き,き,右利き
928,司会,しかい,司会《しかい》
929,合図,あいず,合図《あいず》
930,合格,ごうかく,合格《ごうかく》
931,吊る,つる,吊《つ》る
932,同居人,どうきにん,同居人《どうきょにん》
933,同意,どうい,同意《どうい》
934,同意書,どういし,同意書《どういしょ》
935,同級生,どうきうせい,同級生《どうきゅうせい》
936,名前,なまえ,名前《なまえ》
937,名声,めいせい,名声《めいせい》
938,名字,みうじ,名字《みょうじ》
939,名所,めいし,名所《めいしょ》
940,名誉,めいよ,名誉《めいよ》
941,吐,は,吐《は》
942,吐き気が,きが,吐き気が
943,否定,ひてい,否定《ひてい》
944,否定的,,否定的
945,吸収,きうしう,吸収《きゅうしゅう》
946,吹,ふ,吹《ふ》
947,呆気にとられ,にとられ,呆気にとられ
948,告発,こくはつ,告発《こくはつ》
949,告白,こくはく,告白《こくはく》
950,告訴,こくそ,告訴《こくそ》
951,味,,味
952,味,あじ,味《あじ》
953,味付けされてい,けされてい,味付けされてい
954,味噌汁,みそしる,味噌汁《みそしる》
955,味見,あじみ,味見《あじみ》
956,呼吸,こきう,呼吸《こきゅう》
957,命,いのち,命《いのち》
958,和解,わかい,和解《わかい》
959,和食,わしく,和食《わしょく》
960,咳,せき,咳《せき》
961,咳を,せきを,咳《せき》を
962,哀れ,れ,哀れ
963,品,,品
964,品質,ひんしつ,品質《ひんしつ》
965,哲学,てつがく,哲学《てつがく》
966,哲学者,てつがくし,哲学者《てつがくしゃ》
967,唇,くちびる,唇《くちびる》
968,唐辛子,とうがらし,唐辛子《とうがらし》
969,唾,つば,唾《つば》
970,唾液,だえき,唾液《だえき》
971,商人,しうにん,商人《しょうにん》
972,商品,しうひん,商品《しょうひん》
973,商社,しうし,商社《しょうしゃ》
974,問題,もんだい,問題《もんだい》
975,喜,,喜
976,喜び,よろこび,喜《よろこ》び
977,喧嘩,けんか,喧嘩《けんか》
978,喫茶店,きさてん,喫茶店《きっさてん》
979,嘔吐,おうと,嘔吐《おうと》
980,嘘,うそ,嘘《うそ》
981,嘘をつ,うそをつ,嘘《うそ》をつ
982,噛,か,噛《か》
983,器官,きかん,器官《きかん》
984,器用,,器用
985,四角,,四角
986,回復,かいふく,回復《かいふく》
987,回線,かいせん,回線《かいせん》
988,困難,,困難
989,図書室,とししつ,図書室《としょしつ》
990,図書館,としかん,図書館《としょかん》
991,図画工作,ずがこうさく,図画工作《ずがこうさく》
992,固,,固
993,固体,こたい,固体《こたい》
994,国,くに,国《くに》
995,国境,こきう,国境《こっきょう》
996,国家,こか,国家《こっか》
997,国旗,こき,国旗《こっき》
998,国民,こくみん,国民《こくみん》
999,国立公園,こくりつこうえん,国立公園《こくりつこうえん》
1000,土,つち,土《つち》
1001,土地,とち,土地《とち》
1002,在庫,ざいこ,在庫《ざいこ》
1003,地元の人,じもとのひと,地元《じもと》の人《ひと》
1004,地味,,地味
1005,地図,ちず,地図《ちず》
1006,地域,ちいき,地域《ちいき》
1007,地球,ちきう,地球《ちきゅう》
1008,地震,じしん,地震《じしん》
1009,地面,じめん,地面《じめん》
1010,坂,さか,坂《さか》
1011,基準,,基準
1012,基準,きじん,基準《きじゅん》
1013,報告,ほうこく,報告《ほうこく》
1014,報告書,ほうこくし,報告書《ほうこくしょ》
1015,場所,ばし,場所《ばしょ》
1016,塀,へい,塀《へい》
1017,塩,しお,塩《しお》
1018,塩が多,が,塩が多
1019,塩漬けされてい,けされてい,塩漬けされてい
1020,境,さかい,境《さかい》
1021,境界,きうかい,境界《きょうかい》
1022,壁,かべ,壁《かべ》
1023,壊,こわ,壊《こわ》
1024,壊れ,れ,壊れ
1025,声,こえ,声《こえ》
1026,声が大き,がき,声が大き
1027,売り手,うりて,売《う》り手《て》
1028,売店,ばいてん,売店《ばいてん》
1029,変,,変
1030,変化,へんか,変化《へんか》
1031,変換,へんかん,変換《へんかん》
1032,夏,なつ,夏《なつ》
1033,夏休み,なつやすみ,夏休《なつやす》み
1034,外側,そとがわ,外側《そとがわ》
1035,外出,がいしつ,外出《がいしゅつ》
1036,外出着,,外出着
1037,外科,げか,外科《げか》
1038,外科医,げかい,外科医《げかい》
1039,夜景,やけい,夜景《やけい》
1040,夢,ゆめ,夢《ゆめ》
1041,夢中,,夢中
1042,大き,き,大き
1043,大丈夫,,大丈夫
1044,大人,,大人
1045,大人し,し,大人し
1046,大人気,,大人気
1047,大切,,大切
1048,大学,だいがく,大学《だいがく》
1049,大学教授,だいがくきうじ,大学教授《だいがくきょうじゅ》
1050,大学生,だいがくせい,大学生《だいがくせい》
1051,大学院,だいがくいん,大学院《だいがくいん》
1052,大学院生,だいがくいんせい,大学院生《だいがくいんせい》
1053,大根,だいこん,大根《だいこん》
1054,大盛り,り,大盛り
1055,大豆,だいず,大豆《だいず》
1056,大道芸,だいどうげい,大道芸《だいどうげい》
1057,大道芸人,だいどうげいにん,大道芸人《だいどうげいにん》
1058,大都市,だいとし,大都市《だいとし》
1059,天ぷら,てんぷら,天《てん》ぷら
1060,天井,てんじう,天井《てんじょう》
1061,天才,てんさい,天才《てんさい》
1062,天気,てんき,天気《てんき》
1063,天気予報,てんきよほう,天気予報《てんきよほう》
1064,太,,太
1065,太腿,ふともも,太腿《ふともも》
1066,夫,おと,夫《おっと》
1067,失く,なく,失《な》く
1068,失敗,しぱい,失敗《しっぱい》
1069,失業,しつぎう,失業《しつぎょう》
1070,失業保険,しつぎうほけん,失業保険《しつぎょうほけん》
1071,奇妙,,奇妙
1072,奇跡,きせき,奇跡《きせき》
1073,契約,けいやく,契約《けいやく》
1074,契約書,けいやくし,契約書《けいやくしょ》
1075,契約社員,けいやくしいん,契約社員《けいやくしゃいん》
1076,女,おんな,女《おんな》
1077,女の子,おんなのこ,女《おんな》の子《こ》
1078,女優,じゆう,女優《じょゆう》
1079,女性,,女性
1080,女性,じせい,女性《じょせい》
1081,好かれ,かれ,好かれ
1082,好奇心,,好奇心
1083,妊娠,,妊娠
1084,妻,つま,妻《つま》
1085,姉妹,しまい,姉妹《しまい》
1086,委託,いたく,委託《いたく》
1087,姪,めい,姪《めい》
1088,姿を消,すがたをけ,姿《すがた》を消《け》
1089,娘,むすめ,娘《むすめ》
1090,婚約,,婚約
1091,婚約,こんやく,婚約《こんやく》
1092,嫉妬深,,嫉妬深
1093,嬉し,し,嬉し
1094,子供,こども,子供《こども》
1095,子供のよう,のよう,子供のよう
1096,子犬,こいぬ,子犬《こいぬ》
1097,子猫,こねこ,子猫《こねこ》
1098,季節,きせつ,季節《きせつ》
1099,季節的,,季節的
1100,学,まな,学《まな》
1101,学校,がこう,学校《がっこう》
1102,学生,がくせい,学生《がくせい》
1103,学習,がくしう,学習《がくしゅう》
1104,学部,がくぶ,学部《がくぶ》
1105,孫,まごおとこ,孫《まご》《おとこ》
1106,孫,まごおんな,孫《まご》《おんな》
1107,宅配,たくはい,宅配《たくはい》
1108,宅配便,たくはいびん,宅配便《たくはいびん》
1109,安,,安
1110,安定,,安定
1111,完全,,完全
1112,完成,かんせい,完成《かんせい》
1113,完璧,,完璧
1114,定規,じうぎ,定規《じょうぎ》
1115,実直,,実直
1116,実績,じせき,実績《じっせき》
1117,実行,じこう,実行《じっこう》
1118,実験,じけん,実験《じっけん》
1119,客,きく,客《きゃく》
1120,宣伝,せんでん,宣伝《せんでん》
1121,害,がい,害《がい》
1122,家,いえ,家《いえ》
1123,家事,かじ,家事《かじ》
1124,家庭,かてい,家庭《かてい》
1125,家庭教師,かていきうし,家庭教師《かていきょうし》
1126,家族,かぞく,家族《かぞく》
1127,家計,かけい,家計《かけい》
1128,家計簿,かけいぼ,家計簿《かけいぼ》
1129,家賃,やちん,家賃《やちん》
1130,家電製品,かでんせいひん,家電製品《かでんせいひん》
1131,家電製品店,かでんせいひんてん,家電製品店《かでんせいひんてん》
1132,容器,ようき,容器《ようき》
1133,容量,ようりう,容量《ようりょう》
1134,寂し,し,寂し
1135,富,とみ,富《とみ》
1136,寛大,,寛大
1137,寝つ,ねつ,寝《ね》つ
1138,寝ぼけ,ぼけ,寝ぼけ
1139,寝具,しんぐ,寝具《しんぐ》
1140,寝室,しんしつ,寝室《しんしつ》
1141,審判,しんぱん,審判《しんぱん》
1142,審査,しんさ,審査《しんさ》
1143,寺,てら,寺《てら》
1144,対策,たいさく,対策《たいさく》
1145,寿司,すし,寿司《すし》
1146,封筒,ふうとう,封筒《ふうとう》
1147,専業主婦,せんぎうしふ,専業主婦《せんぎょうしゅふ》
1148,専門,せんもん,専門《せんもん》
1149,将来,しうらい,将来《しょうらい》
1150,将来を見越,しうらいをみこ,将来《しょうらい》を見越《みこ》
1151,尊敬,そんけい,尊敬《そんけい》
1152,小さ,ちいさ,小《ちい》さ
1153,小ぎれい,ぎれい,小ぎれい
1154,小さ,ちいさ,小《ちい》さ
1155,小学校,しうがこう,小学校《しょうがっこう》
1156,小学生,しうがくせい,小学生《しょうがくせい》
1157,小指,こゆび,小指《こゆび》
1158,小説,しうせつ,小説《しょうせつ》
1159,小銭,こぜに,小銭《こぜに》
1160,小銭入れ,こぜにいれ,小銭入《こぜにい》れ
1161,小麦粉,こむぎこ,小麦粉《こむぎこ》
1162,少し浸,すこしひた,少《すこ》し浸《ひた》
1163,少な,な,少な
1164,少年のよう,のよう,少年のよう
1165,就活,しうかつ,就活《しゅうかつ》
1166,就職,しうしく,就職《しゅうしょく》
1167,就職活動,しうしくかつどう,就職活動《しゅうしょくかつどう》
1168,尻尾,しぽ,尻尾《しっぽ》
1169,居心地がよ,がよ,居心地がよ
1170,居心地が悪,が,居心地が悪
1171,居酒屋,いざかや,居酒屋《いざかや》
1172,居間,いま,居間《いま》
1173,展開,てんかい,展開《てんかい》
1174,層,そう,層《そう》
1175,山,やま,山《やま》
1176,岩,いわ,岩《いわ》
1177,岸,きし,岸《きし》
1178,島,しま,島《しま》
1179,嵐,あらし,嵐《あらし》
1180,川,かわ,川《かわ》
1181,工作,こうさく,工作《こうさく》
1182,工程,こうてい,工程《こうてい》
1183,左利き,き,左利き
1184,巨大,,巨大
1185,差込口,さしこみぐち,差込口《さしこみぐち》
1186,市,し,市《し》
1187,市役所,しやくし,市役所《しやくしょ》
1188,市民,しみん,市民《しみん》
1189,布,ぬの,布《ぬの》
1190,布団,ふとん,布団《ふとん》
1191,希望,きぼう,希望《きぼう》
1192,席,せき,席《せき》
1193,帽子,ぼうし,帽子《ぼうし》
1194,干渉,かんしう,干渉《かんしょう》
1195,平,,平
1196,平和,へいわ,平和《へいわ》
1197,平日,へいじつ,平日《へいじつ》
1198,平等,びうどう,平等《びょうどう》
1199,年,ねん,年《ねん》
1200,年を取,を,年を取
1201,年老てい,てい,年老てい
1202,年齢,ねんれい,年齢《ねんれい》
1203,幸せ,せ,幸せ
1204,幸福,こうふく,幸福《こうふく》
1205,幸運,こううん,幸運《こううん》
1206,幼児,ようじ,幼児《ようじ》
1207,幼稚園,ようちえん,幼稚園《ようちえん》
1208,広,,広
1209,広告,こうこく,広告《こうこく》
1210,店,みせ,店《みせ》
1211,店員,てんいん,店員《てんいん》
1212,店長,てんちう,店長《てんちょう》
1213,座布団,ざぶとん,座布団《ざぶとん》
1214,座席,ざせき,座席《ざせき》
1215,座敷,ざしき,座敷《ざしき》
1216,庭,にわ,庭《にわ》
1217,廊下,ろうか,廊下《ろうか》
1218,延期,えんき,延期《えんき》
1219,延長,えんちう,延長《えんちょう》
1220,建物,たてもの,建物《たてもの》
1221,建築学,けんちくがく,建築学《けんちくがく》
1222,建築学部,けんちくがくぶ,建築学部《けんちくがくぶ》
1223,建築家,けんちくか,建築家《けんちくか》
1224,建築物,けんちくぶつ,建築物《けんちくぶつ》
1225,弁当,べんとう,弁当《べんとう》
1226,弁当箱,べんとうばこ,弁当箱《べんとうばこ》
1227,引,ひ,引《ひ》
1228,引き抜,ひきぬ,引《ひ》き抜《ぬ》
1229,引っ越しを,ひこしを,引《ひ》っ越《こ》しを
1230,引っ込み思案,み,引っ込み思案
1231,弱い,い,弱い
1232,張り,り,張り
1233,強,,強
1234,強く,つよく,強《つよ》く
1235,強力,,強力
1236,強調,きうちう,強調《きょうちょう》
1237,当番,とうばん,当番《とうばん》
1238,形,かたち,形《かたち》
1239,影響,えいきう,影響《えいきょう》
1240,役,やく,役《やく》
1241,役に立,に,役に立
1242,役に立たな,にたな,役に立たな
1243,役割,やくわり,役割《やくわり》
1244,役立たず,たず,役立たず
1245,彼,かれ,彼《かれ》
1246,彼の,かれの,彼《かれ》の
1247,彼ら,かれら,彼《かれ》ら
1248,彼らの,かれらの,彼《かれ》らの
1249,彼女,かのじ,彼女《かのじょ》
1250,彼女たち,かのじたち,彼女《かのじょ》たち
1251,彼女の,かのじの,彼女《かのじょ》の
1252,彼女らの,かのじらの,彼女《かのじょ》らの
1253,待,ま,待《ま》
1254,待ち時間,まちじかん,待《ま》ち時間《じかん》
1255,後悔,こうかい,後悔《こうかい》
1256,徒歩,とほ,徒歩《とほ》
1257,従業員,じうぎういん,従業員《じゅうぎょういん》
1258,得意,,得意
1259,復習,ふくしう,復習《ふくしゅう》
1260,微笑,ほほえ,微笑《ほほえ》
1261,心,こころ,心《こころ》
1262,心が落ち着,がち,心が落ち着
1263,心地良,,心地良
1264,心温か,か,心温か
1265,心臓,しんぞう,心臓《しんぞう》
1266,心配,しんぱい,心配《しんぱい》
1267,心配し,し,心配し
1268,心配事,しんぱいごと,心配事《しんぱいごと》
1269,必要,,必要
1270,必要と,と,必要と
1271,必需品,ひつじひん,必需品《ひつじゅひん》
1272,忘れ物,わすれもの,忘《わす》れ物《もの》
1273,忘れっぽ,れぽ,忘れっぽ
1274,忙し,し,忙し
1275,応答,おうとう,応答《おうとう》
1276,快活,,快活
1277,快適,,快適
1278,怒,,怒
1279,怒り,いかり,怒《いか》り
1280,怖,,怖
1281,思,おも,思《おも》
1282,思いつ,おもいつ,思《おも》いつ
1283,思い出,おもいだ,思《おも》い出《だ》
1284,思い出,おもいで,思《おも》い出《で》
1285,思いやり,いやり,思いやり
1286,怠け,け,怠け
1287,急,いそ,急《いそ》
1288,性格,せいかく,性格《せいかく》
1289,怪我,けが,怪我《けが》
1290,恋,こい,恋《こい》
1291,恐ろし,ろし,恐ろし
1292,恐怖,きうふ,恐怖《きょうふ》
1293,恥ずかし,ずかし,恥ずかし
1294,恥ずかしがり,ずかしがり,恥ずかしがり
1295,恥知らず,らず,恥知らず
1296,息子,むすこ,息子《むすこ》
1297,悩み,なやみ,悩《なや》み
1298,悪,,悪
1299,悪ふざけ,わるふざけ,悪《わる》ふざけ
1300,悪口,わるぐち,悪口《わるぐち》
1301,悲しみ,かなしみ,悲《かな》しみ
1302,悲し,し,悲し
1303,情報,じうほう,情報《じょうほう》
1304,情熱,じうねつ,情熱《じょうねつ》
1305,情熱的,,情熱的
1306,惨め,め,惨め
1307,想像,そうぞう,想像《そうぞう》
1308,想像力にあふれ,にあふれ,想像力にあふれ
1309,愉快,,愉快
1310,意味,いみ,意味《いみ》
1311,意固地,,意固地
1312,意地悪,,意地悪
1313,意外,,意外
1314,意思,いし,意思《いし》
1315,意気消沈させ,させ,意気消沈させ
1316,意見,いけん,意見《いけん》
1317,愚か,か,愚か
1318,愛,あい,愛《あい》
1319,愛らし　,らし,愛らし　
1320,愛嬌,あいきう,愛嬌《あいきょう》
1321,愛情,あいじう,愛情《あいじょう》
1322,愛情にあふれ,にあふれ,愛情にあふれ
1323,感じ良,じ,感じ良
1324,感傷的,,感傷的
1325,感動,かんどう,感動《かんどう》
1326,感動し,し,感動し
1327,感動的,,感動的
1328,感情,かんじう,感情《かんじょう》
1329,感情的,,感情的
1330,感想,かんそう,感想《かんそう》
1331,感覚,かんかく,感覚《かんかく》
1332,感謝し,し,感謝し
1333,態度,たいど,態度《たいど》
1334,慣れ,れ,慣れ
1335,慰謝料,いしりう,慰謝料《いしゃりょう》
1336,憂鬱,ゆううつ,憂鬱《ゆううつ》
1337,憲法,けんぽう,憲法《けんぽう》
1338,成分,せいぶん,成分《せいぶん》
1339,成功,せいこう,成功《せいこう》
1340,成績,せいせき,成績《せいせき》
1341,成長,せいちう,成長《せいちょう》
1342,我儘,,我儘
1343,我慢,がまん,我慢《がまん》
1344,戦争,せんそう,戦争《せんそう》
1345,戦闘,せんとう,戦闘《せんとう》
1346,戻,もど,戻《もど》
1347,所属,しぞく,所属《しょぞく》
1348,手,て,手《て》
1349,手のひら,てのひら,手《て》のひら
1350,手を伸ば,てをのば,手《て》を伸《の》ば
1351,手が空い,がい,手が空い
1352,手伝,てつだ,手伝《てつだ》
1353,手作り,り,手作り
1354,手元にあ,にあ,手元にあ
1355,手品,てじな,手品《てじな》
1356,手帳,てちう,手帳《てちょう》
1357,手渡,てわた,手渡《てわた》
1358,手紙,てがみ,手紙《てがみ》
1359,手術,しじつ,手術《しゅじゅつ》
1360,手袋,てぶくろ,手袋《てぶくろ》
1361,手首,てくび,手首《てくび》
1362,才能,,才能
1363,才能,さいのう,才能《さいのう》
1364,扱,あつか,扱《あつか》
1365,批評,ひひう,批評《ひひょう》
1366,承認,しうにん,承認《しょうにん》
1367,技術,ぎじつ,技術《ぎじゅつ》
1368,投票,とうひう,投票《とうひょう》
1369,投資,とうし,投資《とうし》
1370,折りたたみ式,りたたみ,折りたたみ式
1371,折れ,れ,折れ
1372,抱,だ,抱《だ》
1373,押,お,押《お》
1374,押し出,おしだ,押《お》し出《だ》
1375,抽選,ちうせん,抽選《ちゅうせん》
1376,拍手,はくし,拍手《はくしゅ》
1377,招,まね,招《まね》
1378,招待,しうたい,招待《しょうたい》
1379,拭,ふ,拭《ふ》
1380,拾,ひろ,拾《ひろ》
1381,持,も,持《も》
1382,持ち運びでき,ちびでき,持ち運びでき
1383,指,ゆび,指《ゆび》
1384,指導,しどう,指導《しどう》
1385,指導者,しどうし,指導者《しどうしゃ》
1386,指示,しじ,指示《しじ》
1387,指輪,ゆびわ,指輪《ゆびわ》
1388,挑戦,ちうせん,挑戦《ちょうせん》
1389,挨拶,あいさつ,挨拶《あいさつ》
1390,挫折,ざせつ,挫折《ざせつ》
1391,振る舞,ふるま,振《ふ》る舞《ま》
1392,挽かれてい,かれてい,挽かれてい
1393,捜索,そうさく,捜索《そうさく》
1394,掃除,そうじ,掃除《そうじ》
1395,掃除機,そうじき,掃除機《そうじき》
1396,授業,じぎう,授業《じゅぎょう》
1397,探,さが,探《さが》
1398,探偵,たんてい,探偵《たんてい》
1399,推測,すいそく,推測《すいそく》
1400,推薦,すいせん,推薦《すいせん》
1401,掲示板,けいじばん,掲示板《けいじばん》
1402,掴,つか,掴《つか》
1403,描,えが,描《えが》
1404,提供,ていきう,提供《ていきょう》
1405,提出,ていしつ,提出《ていしゅつ》
1406,提案,ていあん,提案《ていあん》
1407,提灯,ちうちん,提灯《ちょうちん》
1408,握手,あくし,握手《あくしゅ》
1409,揺ら,ゆら,揺《ゆ》ら
1410,搭乗手続きを,とうじうてつづきを,搭乗《とうじょう》手続《てつづ》きを
1411,携帯でき,でき,携帯でき
1412,携帯電話,けいたいでんわ,携帯電話《けいたいでんわ》
1413,摂取,せし,摂取《せっしゅ》
1414,摂生,せせい,摂生《せっせい》
1415,摘,つ,摘《つ》
1416,操作,そうさ,操作《そうさ》
1417,支度,したく,支度《したく》
1418,支払い,しはらい,支払《しはら》い
1419,支払日,しはらいび,支払日《しはらいび》
1420,支援,しえん,支援《しえん》
1421,改善,かいぜん,改善《かいぜん》
1422,攻撃,こうげき,攻撃《こうげき》
1423,放,はな,放《はな》
1424,放送,ほうそう,放送《ほうそう》
1425,政党,せいとう,政党《せいとう》
1426,政府,せいふ,政府《せいふ》
1427,政治,せいじ,政治《せいじ》
1428,政界,せいかい,政界《せいかい》
1429,故郷,こきう,故郷《こきょう》
1430,故郷,ふるさと,故郷《ふるさと》
1431,救助,きうじ,救助《きゅうじょ》
1432,救急車,きうきうし,救急車《きゅうきゅうしゃ》
1433,敗者,はいし,敗者《はいしゃ》
1434,教会,きうかい,教会《きょうかい》
1435,教師,きうし,教師《きょうし》
1436,教科書,きうかし,教科書《きょうかしょ》
1437,教訓,きうくん,教訓《きょうくん》
1438,教頭,きうとう,教頭《きょうとう》
1439,散らかってい,らかてい,散らかってい
1440,散歩,さんぽ,散歩《さんぽ》
1441,敬意,けいい,敬意《けいい》
1442,数,かず,数《かず》
1443,数字,すうじ,数字《すうじ》
1444,数学,すうがく,数学《すうがく》
1445,整理されてい,されてい,整理されてい
1446,敵,てき,敵《てき》
1447,文句を言,もんくをい,文句《もんく》を言《い》
1448,文学,ぶんがく,文学《ぶんがく》
1449,文学部,ぶんがくぶ,文学部《ぶんがくぶ》
1450,文書,ぶんし,文書《ぶんしょ》
1451,文章,ぶんしう,文章《ぶんしょう》
1452,料理,りうり,料理《りょうり》
1453,料金,りうきん,料金《りょうきん》
1454,新しく,あたらしく,新《あたら》しく
1455,新人,,新人
1456,新品,,新品
1457,新年,しんねん,新年《しんねん》
1458,新年会,しんねんかい,新年会《しんねんかい》
1459,新幹線,しんかんせん,新幹線《しんかんせん》
1460,新聞,しんぶん,新聞《しんぶん》
1461,新鮮,,新鮮
1462,方法,ほうほう,方法《ほうほう》
1463,施設,しせつ,施設《しせつ》
1464,旅,たび,旅《たび》
1465,旅行,りこう,旅行《りょこう》
1466,旅行に行,りこうにい,旅行《りょこう》に行《い》
1467,日々,,日々
1468,日,ひ,日《ひ》
1469,日本人,,日本人
1470,日本酒,にほんし,日本酒《にほんしゅ》
1471,明,,明
1472,明確,,明確
1473,映像,えいぞう,映像《えいぞう》
1474,映画,えいが,映画《えいが》
1475,映画館,えいがかん,映画館《えいがかん》
1476,春,はる,春《はる》
1477,春休み,はるやすみ,春休《はるやす》み
1478,昼休み,ひるやすみ,昼休《ひるやす》み
1479,昼食,ちうしく,昼食《ちゅうしょく》
1480,時刻,じこく,時刻《じこく》
1481,時刻表,じこくひう,時刻表《じこくひょう》
1482,時計,とけい,時計《とけい》
1483,時間,じかん,時間《じかん》
1484,時間を潰,じかんをつぶ,時間《じかん》を潰《つぶ》
1485,時間に正確,に,時間に正確
1486,時間帯,じかんたい,時間帯《じかんたい》
1487,普段着,ふだんぎ,普段着《ふだんぎ》
1488,普通,,普通
1489,景気,けいき,景気《けいき》
1490,景色,けしき,景色《けしき》
1491,暗号,あんごう,暗号《あんごう》
1492,暗記,あんき,暗記《あんき》
1493,暗証番号,あんしうばんごう,暗証番号《あんしょうばんごう》
1494,暴力,ぼうりく,暴力《ぼうりょく》
1495,曲がってい,がてい,曲がってい
1496,書,か,書《か》
1497,書類,しるい,書類《しょるい》
1498,最低,,最低
1499,最初,,最初
1500,最後,,最後
1501,最悪,,最悪
1502,最新,,最新
1503,最終,,最終
1504,最高,,最高
1505,月,つき,月《つき》
1506,有名,,有名
1507,有名人,ゆうめいじん,有名人《ゆうめいじん》
1508,有害,,有害
1509,服,ふく,服《ふく》
1510,服装,ふくそう,服装《ふくそう》
1511,朗らか,らか,朗らか
1512,望,のぞ,望《のぞ》
1513,朝食,ちうしく,朝食《ちょうしょく》
1514,期待,きたい,期待《きたい》
1515,期待でき,でき,期待でき
1516,期間,きかん,期間《きかん》
1517,期限,きげん,期限《きげん》
1518,木,き,木《き》
1519,木でできてい,でできてい,木でできてい
1520,木製,,木製
1521,未来,みらい,未来《みらい》
1522,本,ほん,本《ほん》
1523,本当,,本当
1524,本心,ほんしん,本心《ほんしん》
1525,本棚,ほんだな,本棚《ほんだな》
1526,本物,,本物
1527,机,つくえ,机《つくえ》
1528,材料,ざいりう,材料《ざいりょう》
1529,村,むら,村《むら》
1530,条件,じうけん,条件《じょうけん》
1531,東洋人,,東洋人
1532,松葉杖,まつばづえ,松葉杖《まつばづえ》
1533,板,いた,板《いた》
1534,枕,まくら,枕《まくら》
1535,果物,くだもの,果物《くだもの》
1536,枠,わく,枠《わく》
1537,枯れてい,れてい,枯れてい
1538,染められてい,められてい,染められてい
1539,柔らか,らか,柔らか
1540,栄光,えいこう,栄光《えいこう》
1541,栄養,えいよう,栄養《えいよう》
1542,栄養補助食品,えいようほじしくひん,栄養補助食品《えいようほじょしょくひん》
1543,校長,こうちう,校長《こうちょう》
1544,根っこ,ねこ,根《ね》っこ
1545,案内,あんない,案内《あんない》
1546,案内板,あんないばん,案内板《あんないばん》
1547,桜,さくら,桜《さくら》
1548,桜,さくらのき,桜《さくらの木《き》
1549,梅,うめ,梅《うめ》
1550,梅干し,うめぼし,梅干《うめぼ》し
1551,棄権,きけん,棄権《きけん》
1552,棚,たな,棚《たな》
1553,森,もり,森《もり》
1554,椅子,いす,椅子《いす》
1555,検査,けんさ,検査《けんさ》
1556,検索,けんさく,検索《けんさく》
1557,楽し,たのし,楽《たの》し
1558,楽し,し,楽し
1559,楽しめ,しめ,楽しめ
1560,様々,,様々
1561,標準,,標準
1562,標的,ひうてき,標的《ひょうてき》
1563,権利,けんり,権利《けんり》
1564,横に,よこに,横《よこ》に
1565,横断歩道,おうだんほどう,横断歩道《おうだんほどう》
1566,橋,はし,橋《はし》
1567,機会,きかい,機会《きかい》
1568,機嫌,きげん,機嫌《きげん》
1569,機械,きかい,機械《きかい》
1570,機能,きのう,機能《きのう》
1571,機能的,,機能的
1572,機長,きちう,機長《きちょう》
1573,欠員,けついん,欠員《けついん》
1574,欠席,けせき,欠席《けっせき》
1575,欠席し,し,欠席し
1576,次,,次
1577,次回,じかい,次回《じかい》
1578,欲張り,り,欲張り
1579,歌,うた,歌《うた》
1580,歌手,かし,歌手《かしゅ》
1581,歓迎,かんげい,歓迎《かんげい》
1582,歓迎会,かんげいかい,歓迎会《かんげいかい》
1583,正し,し,正し
1584,正常,,正常
1585,正月,しうがつ,正月《しょうがつ》
1586,正月休み,しうがつやすみ,正月休《しょうがつやす》み
1587,正直,,正直
1588,正直,しうじき,正直《しょうじき》
1589,正直者,しうじきもの,正直者《しょうじきもの》
1590,正社員,せいしいん,正社員《せいしゃいん》
1591,正義,せいぎ,正義《せいぎ》
1592,正規,,正規
1593,正解,せいかい,正解《せいかい》
1594,正面衝突,しうめんしうとつ,正面衝突《しょうめんしょうとつ》
1595,歩,ある,歩《ある》
1596,歩道,ほどう,歩道《ほどう》
1597,歪んでい,んでい,歪んでい
1598,歯,は,歯《は》
1599,歯ブラシ,はぶらし,歯《は》ブラシ
1600,歯医者,はいし,歯医者《はいしゃ》
1601,歯磨き粉,はみがきこ,歯磨《はみが》き粉《こ》
1602,歯科医,しかい,歯科医《しかい》
1603,歯科医院,しかいいん,歯科医院《しかいいん》
1604,歴史,れきし,歴史《れきし》
1605,死,,死
1606,死,し,死《し》
1607,死体,したい,死体《したい》
1608,残,のこ,残《のこ》
1609,残り,のこり,残《のこ》り
1610,残り時間,のこりじかん,残《のこ》り時間《じかん》
1611,残り物,のこりもの,残《のこ》り物《もの》
1612,残業,ざんぎう,残業《ざんぎょう》
1613,段取り上手,り,段取り上手
1614,殺,ころ,殺《ころ》
1615,母親,ははおや,母親《ははおや》
1616,毎年,,毎年
1617,毎月,,毎月
1618,毎週,,毎週
1619,毛布,もうふ,毛布《もうふ》
1620,毛皮,けがわ,毛皮《けがわ》
1621,気づ,きづ,気《き》づ
1622,気が短,が,気が短
1623,気まぐれ,まぐれ,気まぐれ
1624,気を使,を,気を使
1625,気体,きたい,気体《きたい》
1626,気分,きぶん,気分《きぶん》
1627,気持ち,きもち,気持《きも》ち
1628,気楽,,気楽
1629,気温,きおん,気温《きおん》
1630,気難し,し,気難し
1631,水,みず,水《みず》
1632,水たまり,みずたまり,水《みず》たまり
1633,水くさ,くさ,水くさ
1634,水泳,すいえい,水泳《すいえい》
1635,水色,,水色
1636,水蒸気,すいじうき,水蒸気《すいじょうき》
1637,水道,すいどう,水道《すいどう》
1638,氷,こおり,氷《こおり》
1639,汗,あせ,汗《あせ》
1640,汗をか,をか,汗をか
1641,汚,,汚
1642,汚な,な,汚な
1643,池,いけ,池《いけ》
1644,決定,けてい,決定《けってい》
1645,沸か,わか,沸《わ》か
1646,油,あぶら,油《あぶら》
1647,油をひ,あぶらをひ,油《あぶら》をひ
1648,油で揚げられてい,でげられてい,油で揚げられてい
1649,治,なお,治《なお》
1650,沼,ぬま,沼《ぬま》
1651,法則,ほうそく,法則《ほうそく》
1652,法律,ほうりつ,法律《ほうりつ》
1653,泡,あわ,泡《あわ》
1654,波,なみ,波《なみ》
1655,泣,な,泣《な》
1656,注射,ちうし,注射《ちゅうしゃ》
1657,注射してもら,ちうししてもら,注射《ちゅうしゃ》してもら
1658,注意,ちうい,注意《ちゅうい》
1659,注意を払,ちういをはら,注意《ちゅうい》を払《はら》
1660,注意深,,注意深
1661,注文,ちうもん,注文《ちゅうもん》
1662,注目,ちうもく,注目《ちゅうもく》
1663,洋食,ようしく,洋食《ようしょく》
1664,洗,あら,洗《あら》
1665,洗え,え,洗え
1666,洗剤,せんざい,洗剤《せんざい》
1667,洗浄,せんじう,洗浄《せんじょう》
1668,洗濯,せんたく,洗濯《せんたく》
1669,洗濯機,せんたくき,洗濯機《せんたくき》
1670,洗濯物,せんたくもの,洗濯物《せんたくもの》
1671,活動,かつどう,活動《かつどう》
1672,活動的,,活動的
1673,派手,,派手
1674,浅,,浅
1675,浅はか,はか,浅はか
1676,浮気,うわき,浮気《うわき》
1677,海,うみ,海《うみ》
1678,海産食品,かいさんしくひん,海産食品《かいさんしょくひん》
1679,海苔,のり,海苔《のり》
1680,浸,ひた,浸《ひた》
1681,消,け,消《け》
1682,消化器,しうかき,消化器《しょうかき》
1683,消費,しうひ,消費《しょうひ》
1684,消費税,しうひぜい,消費税《しょうひぜい》
1685,消費者,しうひし,消費者《しょうひしゃ》
1686,消防士,しうぼうし,消防士《しょうぼうし》
1687,消防署,しうぼうし,消防署《しょうぼうしょ》
1688,消防車,しうぼうし,消防車《しょうぼうしゃ》
1689,涙,なみだ,涙《なみだ》
1690,涙を流,なみだをなが,涙《なみだ》を流《なが》
1691,液体,えきたい,液体《えきたい》
1692,深,,深
1693,深呼吸,しんこきう,深呼吸《しんこきゅう》
1694,混乱,,混乱
1695,混同,,混同
1696,混雑,こんざつ,混雑《こんざつ》
1697,清潔,,清潔
1698,清潔,せいけつ,清潔《せいけつ》
1699,減ら,へら,減《へ》ら
1700,渡,わた,渡《わた》
1701,温か,か,温か
1702,温度,おんど,温度《おんど》
1703,温泉,おんせん,温泉《おんせん》
1704,湖,みずうみ,湖《みずうみ》
1705,湿,,湿
1706,湿度,しつど,湿度《しつど》
1707,湿気,しけ,湿気《しっけ》
1708,満た,みた,満《み》た
1709,満足させ,させ,満足させ
1710,満足し,し,満足し
1711,準備,じんび,準備《じゅんび》
1712,準備はでき,はでき,準備はでき
1713,溝,みぞ,溝《みぞ》
1714,滑らか,らか,滑らか
1715,滑走路,かそうろ,滑走路《かっそうろ》
1716,滞在,たいざい,滞在《たいざい》
1717,漁師,りうし,漁師《りょうし》
1718,漂白されてい,されてい,漂白されてい
1719,演技,えんぎ,演技《えんぎ》
1720,演説,えんぜつ,演説《えんぜつ》
1721,漫画,まんが,漫画《まんが》
1722,漬物,つけもの,漬物《つけもの》
1723,濁,,濁
1724,濃縮され,され,濃縮され
1725,濡れ,れ,濡れ
1726,火,ひ,火《ひ》
1727,火事,かじ,火事《かじ》
1728,火傷,やけど,火傷《やけど》
1729,火災,かさい,火災《かさい》
1730,灰,はい,灰《はい》
1731,灰皿,はいざら,灰皿《はいざら》
1732,灰色,,灰色
1733,災害,さいがい,災害《さいがい》
1734,炎症,,炎症
1735,点,てん,点《てん》
1736,点検,てんけん,点検《てんけん》
1737,烏,からす,烏《からす》
1738,無力,,無力
1739,無口,,無口
1740,無害,,無害
1741,無礼,,無礼
1742,無色,,無色
1743,無責任,,無責任
1744,無邪気,,無邪気
1745,無関心,,無関心
1746,焼,や,焼《や》
1747,焼かれてい,かれてい,焼かれてい
1748,焼肉,やきにく,焼肉《やきにく》
1749,焼酎,しうちう,焼酎《しょうちゅう》
1750,煙草,たばこ,煙草《たばこ》
1751,照明,しうめい,照明《しょうめい》
1752,煮えたぎってい,えたぎてい,煮えたぎってい
1753,煮てあ,てあ,煮てあ
1754,熱,,熱
1755,熱,ね,熱《ねっ》
1756,熱,ねつ,熱《ねつ》
1757,熱を出,ねつをだ,熱《ねつ》を出《だ》
1758,熱意,ねつい,熱意《ねつい》
1759,燃や,もや,燃《も》や
1760,燃料,ねんりう,燃料《ねんりょう》
1761,燻,いぶ,燻《いぶ》
1762,爆弾,ばくだん,爆弾《ばくだん》
1763,爆発,ばくはつ,爆発《ばくはつ》
1764,爪切り,つめきり,爪切《つめき》り
1765,爪楊枝,つまようじ,爪楊枝《つまようじ》
1766,父親,ちちおや,父親《ちちおや》
1767,片足で飛,かたあしでと,片足《かたあし》で飛《と》
1768,牛,うし,牛《うし》
1769,牛乳,ぎうにう,牛乳《ぎゅうにゅう》
1770,牛肉,ぎうにく,牛肉《ぎゅうにく》
1771,牡蠣,かき,牡蠣《かき》
1772,物,もの,物《もの》
1773,物事,ものごと,物事《ものごと》
1774,物価,ぶか,物価《ぶっか》
1775,物差し,ものさし,物差《ものさ》し
1776,物語,ものがたり,物語《ものがたり》
1777,物質,ぶしつ,物質《ぶっしつ》
1778,物質的,,物質的
1779,特別,,特別
1780,特技,とくぎ,特技《とくぎ》
1781,犠牲者,ぎせいし,犠牲者《ぎせいしゃ》
1782,犬,いぬ,犬《いぬ》
1783,犯人,はんにん,犯人《はんにん》
1784,犯罪,はんざい,犯罪《はんざい》
1785,状態,じうたい,状態《じょうたい》
1786,状況,じうきう,状況《じょうきょう》
1787,狂,,狂
1788,独立,,独立
1789,独身,,独身
1790,狭,,狭
1791,狼,おおかみ,狼《おおかみ》
1792,猫,ねこ,猫《ねこ》
1793,玄関,げんかん,玄関《げんかん》
1794,率直,,率直
1795,玉子,たまご,玉子《たまご》
1796,王女,おうじ,王女《おうじょ》
1797,王子,おうじ,王子《おうじ》
1798,王様,おうさま,王様《おうさま》
1799,現場,げんは,現場《げんは》
1800,現金,げんきん,現金《げんきん》
1801,理由,りゆう,理由《りゆう》
1802,理解でき,でき,理解でき
1803,環境,かんきう,環境《かんきょう》
1804,瓶,びん,瓶《びん》
1805,生,,生
1806,生き,き,生き
1807,生命,せいめい,生命《せいめい》
1808,生徒,せいと,生徒《せいと》
1809,生意気,,生意気
1810,生放送,なまほうそう,生放送《なまほうそう》
1811,生活,せいかつ,生活《せいかつ》
1812,生活必需品,せいかつひつじひん,生活必需品《せいかつひつじゅひん》
1813,生活態度,せいかつたいど,生活態度《せいかつたいど》
1814,生活環境,せいかつかんきう,生活環境《せいかつかんきょう》
1815,生温か,か,生温か
1816,生産,せいさん,生産《せいさん》
1817,生計,せいけい,生計《せいけい》
1818,産休,さんきう,産休《さんきゅう》
1819,甥,おい,甥《おい》
1820,用事,ようじ,用事《ようじ》
1821,用意,,用意
1822,用意,ようい,用意《ようい》
1823,用意し,し,用意し
1824,用途,ようと,用途《ようと》
1825,田舎,いなか,田舎《いなか》
1826,男,おとこ,男《おとこ》
1827,男の子,おとこのこ,男《おとこ》の子《こ》
1828,男性,,男性
1829,男性,だんせい,男性《だんせい》
1830,町,まち,町《まち》
1831,画像,がぞう,画像《がぞう》
1832,画面,がめん,画面《がめん》
1833,番号,ばんごう,番号《ばんごう》
1834,疑,うたが,疑《うたが》
1835,疑問,ぎもん,疑問《ぎもん》
1836,疑惑,ぎわく,疑惑《ぎわく》
1837,疲れ,れ,疲れ
1838,病気,,病気
1839,病気,びうき,病気《びょうき》
1840,病院,びういん,病院《びょういん》
1841,症状,しうじう,症状《しょうじょう》
1842,痒,,痒
1843,痒み,み,痒み
1844,痛,,痛
1845,痛み,いたみ,痛《いた》み
1846,痰,たん,痰《たん》
1847,癌,がん,癌《がん》
1848,癒や,いや,癒《い》や
1849,癖,くせ,癖《くせ》
1850,発展,はてん,発展《はってん》
1851,発展国,はてんこく,発展国《はってんこく》
1852,発展途上国,はてんとじうこく,発展途上国《はってんとじょうこく》
1853,発疹,ほしん,発疹《ほっしん》
1854,発症,はしう,発症《はっしょう》
1855,発見,はけん,発見《はっけん》
1856,登録,とうろく,登録《とうろく》
1857,白色,,白色
1858,百,ひく,百《ひゃく》
1859,百万,ひくまん,百万《ひゃくまん》
1860,的,まと,的《まと》
1861,皮,かわ,皮《かわ》
1862,皮肉や,や,皮肉や
1863,皮膚,ひふ,皮膚《ひふ》
1864,皿,さら,皿《さら》《大》
1865,皿,さら,皿《さら》《小》
1866,盗,ぬす,盗《ぬす》
1867,目,め,目《め》
1868,目を覚ま,めをさま,目《め》を覚《さ》ま
1869,目が覚め,がめ,目が覚め
1870,目立ちたがり,ちたがり,目立ちたがり
1871,目薬,めぐすり,目薬《めぐすり》
1872,目覚まし時計,めざましどけい,目覚《めざ》まし時計《どけい》
1873,眉毛,まゆげ,眉毛《まゆげ》
1874,看板,かんばん,看板《かんばん》
1875,県,けん,県《けん》
1876,真価,しんか,真価《しんか》
1877,真剣,,真剣
1878,真実,,真実
1879,真実,しんじつ,真実《しんじつ》
1880,眠,,眠
1881,眺め,ながめ,眺《なが》め
1882,眼科,がんか,眼科《がんか》
1883,眼科医,がんかい,眼科医《がんかい》
1884,眼鏡,めがね,眼鏡《めがね》
1885,着,つ,着《つ》
1886,着陸,ちくりく,着陸《ちゃくりく》
1887,睫毛,まつげ,睫毛《まつげ》
1888,瞼,まぶた,瞼《まぶた》
1889,知り合,しりあ,知《し》り合《あ》
1890,知り合い,しりあい,知《し》り合《あ》い
1891,知っ,,知っ
1892,知事,ちじ,知事《ちじ》
1893,知人,ちじん,知人《ちじん》
1894,知識,ちしき,知識《ちしき》
1895,短,,短
1896,短気,,短気
1897,石,いし,石《いし》
1898,石油,せきゆ,石油《せきゆ》
1899,石鹸,せけん,石鹸《せっけん》
1900,砂,すな,砂《すな》
1901,砂漠,さばく,砂漠《さばく》
1902,砂糖,さとう,砂糖《さとう》
1903,研究,けんきう,研究《けんきゅう》
1904,硬,,硬
1905,硬貨,こうか,硬貨《こうか》
1906,確率,かくりつ,確率《かくりつ》
1907,確認,かくにん,確認《かくにん》
1908,磁石,じしく,磁石《じしゃく》
1909,磨,みが,磨《みが》
1910,礼儀正し,し,礼儀正し
1911,礼儀知らず,らず,礼儀知らず
1912,礼服,れいふく,礼服《れいふく》
1913,社交的,,社交的
1914,社会,しかい,社会《しゃかい》
1915,社長,しちう,社長《しゃちょう》
1916,祖母,そぼ,祖母《そぼ》
1917,祖父,そふ,祖父《そふ》
1918,神,かみ,神《かみ》
1919,神社,じんじ,神社《じんじゃ》
1920,神経質,,神経質
1921,祭り,まつり,祭《まつ》り
1922,福祉,ふくし,福祉《ふくし》
1923,私,わたし,私《わたし》
1924,私たち,わたしたち,私《わたし》たち
1925,私の,わたしの,私《わたし》の
1926,秋,あき,秋《あき》
1927,科学,かがく,科学《かがく》
1928,科学者,かがくし,科学者《かがくしゃ》
1929,秒,びう,秒《びょう》
1930,秘密,,秘密
1931,秘密,ひみつ,秘密《ひみつ》
1932,秤,はかり,秤《はかり》
1933,税,ぜい,税《ぜい》
1934,稲妻,いなずま,稲妻《いなずま》
1935,積み重ねられてい,みねられてい,積み重ねられてい
1936,積極的,,積極的
1937,穏やかで優し,やかでし,穏やかで優し
1938,穴,あな,穴《あな》
1939,空,,空
1940,空,そら,空《そら》
1941,空し,し,空し
1942,空席,くうせき,空席《くうせき》
1943,空港,くうこう,空港《くうこう》
1944,空腹,,空腹
1945,突然,,突然
1946,窓,まど,窓《まど》
1947,立,た,立《た》
1948,端,はし,端《はし》
1949,端末,たんまつ,端末《たんまつ》
1950,競争,きうそう,競争《きょうそう》
1951,競合者,きうごうし,競合者《きょうごうしゃ》
1952,競技者,きうぎし,競技者《きょうぎしゃ》
1953,競馬,けいば,競馬《けいば》
1954,笑,わら,笑《わら》
1955,筆箱,ふでばこ,筆箱《ふでばこ》
1956,筆者,ひし,筆者《ひっしゃ》
1957,等し,し,等し
1958,筋肉,きんにく,筋肉《きんにく》
1959,策,さく,策《さく》
1960,管理,かんり,管理《かんり》
1961,箪笥,たんす,箪笥《たんす》
1962,箱,はこ,箱《はこ》
1963,箸,はし,箸《はし》
1964,箸置き,はしおき,箸置《はしお》き
1965,節制,せせい,節制《せっせい》
1966,節度,せつど,節度《せつど》
1967,節約,せつやく,節約《せつやく》
1968,簡単,,簡単
1969,米,こめ,米《こめ》
1970,粉,こな,粉《こな》
1971,粘土,ねんど,粘土《ねんど》
1972,精神,せいしん,精神《せいしん》
1973,精神的,,精神的
1974,精神的・霊的,,精神的・霊的
1975,精神科,せいしんか,精神科《せいしんか》
1976,精神科医,せいしんかい,精神科医《せいしんかい》
1977,糞,ふん,糞《ふん》
1978,糸,いと,糸《いと》
1979,約束,やくそく,約束《やくそく》
1980,紅茶,こうち,紅茶《こうちゃ》
1981,納品,のうひん,納品《のうひん》
1982,納豆,なとう,納豆《なっとう》
1983,純粋,,純粋
1984,紙,かみ,紙《かみ》
1985,紙幣,しへい,紙幣《しへい》
1986,素敵,,素敵
1987,素朴,,素朴
1988,素材,そざい,素材《そざい》
1989,素直,,素直
1990,紫色,,紫色
1991,細,,細
1992,細切りに,ほそぎりに,細切《ほそぎ》りに
1993,細部,さいぶ,細部《さいぶ》
1994,紳士,しんし,紳士《しんし》
1995,紹介,しうかい,紹介《しょうかい》
1996,紺色,,紺色
1997,絆,きずな,絆《きずな》
1998,絆創膏,ばんそうこう,絆創膏《ばんそうこう》
1999,経営,けいえい,経営《けいえい》
2000,経営学,けいえいがく,経営学《けいえいがく》
2001,経営学部,けいえいがくぶ,経営学部《けいえいがくぶ》
2002,経歴,けいれき,経歴《けいれき》
2003,経済,けいざい,経済《けいざい》
2004,経済学,けいざいがく,経済学《けいざいがく》
2005,経済学部,けいざいがくぶ,経済学部《けいざいがくぶ》
2006,経済的,,経済的
2007,経験,けいけん,経験《けいけん》
2008,結,むす,結《むす》
2009,結婚,,結婚
2010,結婚,けこん,結婚《けっこん》
2011,結婚式,けこんしき,結婚式《けっこんしき》
2012,結果,けか,結果《けっか》
2013,絞られてい,られてい,絞られてい
2014,給料,きうりう,給料《きゅうりょう》
2015,給料日,きうりうび,給料日《きゅうりょうび》
2016,絨毯,じうたん,絨毯《じゅうたん》
2017,絵,え,絵《え》
2018,絵の具で描,えのぐでか,絵《え》の具《ぐ》で描《か》
2019,絶望,ぜつぼう,絶望《ぜつぼう》
2020,絶食,ぜしく,絶食《ぜっしょく》
2021,維持,いじ,維持《いじ》
2022,網,あみ,網《あみ》
2023,網焼きされてい,きされてい,網焼きされてい
2024,綺麗,,綺麗
2025,緊張,,緊張
2026,緑色,,緑色
2027,緑茶,りくち,緑茶《りょくちゃ》
2028,線,せん,線《せん》
2029,線香,せんこう,線香《せんこう》
2030,編み物,あみもの,編《あ》み物《もの》
2031,緩,,緩
2032,練習,れんしう,練習《れんしゅう》
2033,縫い目,ぬいめ,縫《ぬ》い目《め》
2034,繊細,,繊細
2035,繋,つな,繋《つな》
2036,繰り返,くりかえ,繰《く》り返《かえ》
2037,缶,かん,缶《かん》
2038,罠,わな,罠《わな》
2039,置,お,置《お》
2040,罰,ばつ,罰《ばつ》
2041,署名,しめい,署名《しょめい》
2042,美,び,美《び》
2043,美し,し,美し
2044,美味し,し,美味し
2045,美容,びよう,美容《びよう》
2046,美容師,びようし,美容師《びようし》
2047,美容院,びよういん,美容院《びよういん》
2048,美術館,びじつかん,美術館《びじゅつかん》
2049,群衆,ぐんしう,群衆《ぐんしゅう》
2050,羽,はね,羽《はね》
2051,習得,しうとく,習得《しゅうとく》
2052,翻訳,ほんやく,翻訳《ほんやく》
2053,翻訳機,ほんやくき,翻訳機《ほんやくき》
2054,翼,つばさ,翼《つばさ》
2055,老人,ろうじん,老人《ろうじん》
2056,老女,ろうじ,老女《ろうじょ》
2057,考え,かんがえ,考《かんが》え
2058,考察,こうさつ,考察《こうさつ》
2059,耐熱容器,たいねつようき,耐熱容器《たいねつようき》
2060,耳,みみ,耳《みみ》
2061,耳たぶ,みみたぶ,耳《みみ》たぶ
2062,耳鼻科,じびか,耳鼻科《じびか》
2063,耳鼻科医,じびかい,耳鼻科医《じびかい》
2064,聴,き,聴《き》
2065,職務,しくむ,職務《しょくむ》
2066,職業,しくぎう,職業《しょくぎょう》
2067,職種,しくし,職種《しょくしゅ》
2068,肉,にく,肉《にく》
2069,肉体上,,肉体上
2070,肉屋,にくや,肉屋《にくや》
2071,肘,ひじ,肘《ひじ》
2072,肝臓,かんぞう,肝臓《かんぞう》
2073,肩,かた,肩《かた》
2074,育,そだ,育《そだ》
2075,育児休暇,いくじきうか,育児休暇《いくじきゅうか》
2076,肺,はい,肺《はい》
2077,胃,い,胃《い》
2078,背が低,が,背が低
2079,背が高,が,背が高
2080,背中,せなか,背中《せなか》
2081,背景,はいけい,背景《はいけい》
2082,背骨,せぼね,背骨《せぼね》
2083,胡椒,こしう,胡椒《こしょう》
2084,胸,むね,胸《むね》
2085,能力,のうりく,能力《のうりょく》
2086,脅威,きうい,脅威《きょうい》
2087,脅迫,きうはく,脅迫《きょうはく》
2088,脇,わき,脇《わき》
2089,脇役,わきやく,脇役《わきやく》
2090,脱,ぬ,脱《ぬ》
2091,脳,のう,脳《のう》
2092,腕,うで,腕《うで》
2093,腕時計,うでどけい,腕時計《うでどけい》
2094,腫れ,れ,腫れ
2095,腰,こし,腰《こし》
2096,腸,ちう,腸《ちょう》
2097,膝,ひざ,膝《ひざ》
2098,臆病,,臆病
2099,自主的,,自主的
2100,自信,,自信
2101,自信,じしん,自信《じしん》
2102,自信が,が,自信が
2103,自動券売機,じどうけんばいき,自動券売機《じどうけんばいき》
2104,自動販売機,じどうはんばいき,自動販売機《じどうはんばいき》
2105,自動車,じどうし,自動車《じどうしゃ》
2106,自家製,,自家製
2107,自慢,じまん,自慢《じまん》
2108,自殺,じさつ,自殺《じさつ》
2109,自然,,自然
2110,自由,,自由
2111,自覚,じかく,自覚《じかく》
2112,自販機,じはんき,自販機《じはんき》
2113,自転車,じてんし,自転車《じてんしゃ》
2114,興味,,興味
2115,興味がもて,がもて,興味がもて
2116,興奮,,興奮
2117,興奮,こうふん,興奮《こうふん》
2118,舌,した,舌《した》
2119,航空券,こうくうけん,航空券《こうくうけん》
2120,船,ふね,船《ふね》
2121,船酔い,ふなよい,船酔《ふなよ》い
2122,船長,せんちう,船長《せんちょう》
2123,色,いろ,色《いろ》
2124,色がついてい,がついてい,色がついてい
2125,色彩豊か,か,色彩豊か
2126,艶,,艶
2127,芋,いも,芋《いも》
2128,芝,しば,芝《しば》
2129,芝生,しばふ,芝生《しばふ》
2130,花,はな,花《はな》
2131,花びら,はなびら,花《はな》びら
2132,花束,はなたば,花束《はなたば》
2133,花火,はなび,花火《はなび》
2134,花粉,かふん,花粉《かふん》
2135,花粉症,かふんしう,花粉症《かふんしょう》
2136,芸,げい,芸《げい》
2137,芸術,げいじつ,芸術《げいじゅつ》
2138,芽,め,芽《め》
2139,若,,若
2140,若者,わかもの,若者《わかもの》
2141,苦し,くるし,苦《くる》し
2142,苦しみ,くるしみ,苦《くる》しみ
2143,苦労,くろう,苦労《くろう》
2144,苦手,,苦手
2145,英語,えいご,英語《えいご》
2146,苺,いちご,苺《いちご》
2147,茄子,なす,茄子《なす》
2148,茎,くき,茎《くき》
2149,茶碗,ちわん,茶碗《ちゃわん》
2150,茶色,,茶色
2151,茹でられてい,でられてい,茹でられてい
2152,草,くさ,草《くさ》
2153,荷物,にもつ,荷物《にもつ》
2154,荷造りされてい,りされてい,荷造りされてい
2155,落ち着,おちつ,落《お》ち着《つ》
2156,落し物,おとしもの,落《おと》し物《もの》
2157,落ち着,ち,落ち着
2158,落ち込,ち,落ち込
2159,葉っぱ,はぱ,葉《は》っぱ
2160,著作権,ちさくけん,著作権《ちょさくけん》
2161,葬式,そうしき,葬式《そうしき》
2162,蓋,ふた,蓋《ふた》
2163,蓋を,ふたを,蓋《ふた》を
2164,蕎麦,そば,蕎麦《そば》
2165,薄,,薄
2166,薄い色がついてい,いがついてい,薄い色がついてい
2167,薬,くすり,薬《くすり》
2168,薬を飲,くすりをの,薬《くすり》を飲《の》
2169,薬剤師,やくざいし,薬剤師《やくざいし》
2170,薬学部,,薬学部《薬学部》
2171,薬局,やきく,薬局《やっきょく》
2172,薬指,くすりゆび,薬指《くすりゆび》
2173,薬物,やくぶつ,薬物《やくぶつ》
2174,虫,むし,虫《むし》
2175,蛇口,じぐち,蛇口《じゃぐち》
2176,血,ち,血《ち》
2177,血圧,けつあつ,血圧《けつあつ》
2178,血管,けかん,血管《けっかん》
2179,行,い,行《い》
2180,行,ぎう,行《ぎょう》
2181,行列,ぎうれつ,行列《ぎょうれつ》
2182,行動,こうどう,行動《こうどう》
2183,行方不明,,行方不明
2184,行為,こうい,行為《こうい》
2185,衝撃,しうげき,衝撃《しょうげき》
2186,衝突,しうとつ,衝突《しょうとつ》
2187,衣料,いりう,衣料《いりょう》
2188,衣装,いしう,衣装《いしょう》
2189,表,ひう,表《ひょう》
2190,表面,ひうめん,表面《ひょうめん》
2191,袋,ふくろ,袋《ふくろ》
2192,被告,ひこく,被告《ひこく》
2193,被害者,ひがいし,被害者《ひがいしゃ》
2194,裁判,さいばん,裁判《さいばん》
2195,裁判員,さいばんいん,裁判員《さいばんいん》
2196,裏側,うらがわ,裏側《うらがわ》
2197,裏切り,うらぎり,裏切《うらぎ》り
2198,裏切り者,うらぎりもの,裏切《うらぎ》り者《もの》
2199,裏庭,うらにわ,裏庭《うらにわ》
2200,裕福,,裕福
2201,補,おぎな,補《おぎな》
2202,製造,せいぞう,製造《せいぞう》
2203,複数,,複数
2204,複雑,,複雑
2205,西洋人,,西洋人
2206,覆,おお,覆《おお》
2207,見た目,みため,見《み》た目《め》
2208,見回,みまわ,見回《みまわ》
2209,見本,みほん,見本《みほん》
2210,見直,みなお,見直《みなお》
2211,見込み,みこみ,見込《みこ》み
2212,見込み,み,見込み
2213,規制,きせい,規制《きせい》
2214,規則,きそく,規則《きそく》
2215,視力,しりく,視力《しりょく》
2216,視界,しかい,視界《しかい》
2217,視野,しや,視野《しや》
2218,親,おや,親《おや》
2219,親し,し,親し
2220,親友,しんゆう,親友《しんゆう》
2221,親指,おやゆび,親指《おやゆび》
2222,親指[足の],おやゆびあしの,親指《おやゆび》[足《あし》の》]
2223,観光,かんこう,観光《かんこう》
2224,観光に行,かんこうにい,観光《かんこう》に行《い》
2225,観光を,かんこうを,観光《かんこう》を
2226,観光名所,かんこうめいし,観光名所《かんこうめいしょ》
2227,観客,かんきく,観客《かんきゃく》
2228,観察,かんさつ,観察《かんさつ》
2229,解,ほど,解《ほど》
2230,解放,かいほう,解放《かいほう》
2231,解決策,かいけつさく,解決策《かいけつさく》
2232,解約,かいやく,解約《かいやく》
2233,言,い,言《い》
2234,言葉,ことば,言葉《ことば》
2235,言語,げんご,言語《げんご》
2236,計画,けいかく,計画《けいかく》
2237,計算,けいさん,計算《けいさん》
2238,計量,けいりう,計量《けいりょう》
2239,計量カップ,けいりうかぷ,計量《けいりょう》カップ
2240,討論,とうろん,討論《とうろん》
2241,訓練,くんれん,訓練《くんれん》
2242,記事,きじ,記事《きじ》
2243,記入,きにう,記入《きにゅう》
2244,記念,,記念
2245,記念,きねん,記念《きねん》
2246,記念写真,きねんししん,記念写真《きねんしゃしん》
2247,記念日,きねんび,記念日《きねんび》
2248,記憶,きおく,記憶《きおく》
2249,記録,きろく,記録《きろく》
2250,訪問者,ほうもんし,訪問者《ほうもんしゃ》
2251,設定,せてい,設定《せってい》
2252,許可,きか,許可《きょか》
2253,訴え,うたえ,訴《うった》え
2254,診断,しんだん,診断《しんだん》
2255,証人,しうにん,証人《しょうにん》
2256,証拠,しうこ,証拠《しょうこ》
2257,証明,しうめい,証明《しょうめい》
2258,証言,しうげん,証言《しょうげん》
2259,詐欺,さぎ,詐欺《さぎ》
2260,評価,ひうか,評価《ひょうか》
2261,試,ため,試《ため》
2262,試し,ためし,試《ため》し
2263,試供品,しきうひん,試供品《しきょうひん》
2264,試着,しちく,試着《しちゃく》
2265,試着室,しちくしつ,試着室《しちゃくしつ》
2266,試験,しけん,試験《しけん》
2267,詮索,せんさく,詮索《せんさく》
2268,詮索好き,き,詮索好き
2269,話,はな,話《はな》
2270,話し,はなし,話《はな》し
2271,話を,はなしを,話《はなし》を
2272,誇りに思っ,りに,誇りに思っ
2273,誕生日,たんじうび,誕生日《たんじょうび》
2274,誠意が,が,誠意が
2275,説得,せとく,説得《せっとく》
2276,説明,せつめい,説明《せつめい》
2277,説明書,せつめいし,説明書《せつめいしょ》
2278,読,よ,読《よ》
2279,課程,かてい,課程《かてい》
2280,調味料,ちうみりう,調味料《ちょうみりょう》
2281,調子,ちうし,調子《ちょうし》
2282,調査,ちうさ,調査《ちょうさ》
2283,調理,ちうり,調理《ちょうり》
2284,調理器具,ちうりきぐ,調理器具《ちょうりきぐ》
2285,調理師,ちうりし,調理師《ちょうりし》
2286,調理方法,ちうりほうほう,調理方法《ちょうりほうほう》
2287,請求書,せいきうし,請求書《せいきゅうしょ》
2288,論争,ろんそう,論争《ろんそう》
2289,警告,けいこく,警告《けいこく》
2290,警察,けいさつ,警察《けいさつ》
2291,警察官,けいさつかん,警察官《けいさつかん》
2292,警察署,けいさつし,警察署《けいさつしょ》
2293,議論,ぎろん,議論《ぎろん》
2294,豚肉,ぶたにく,豚肉《ぶたにく》
2295,貝,かい,貝《かい》
2296,財布,さいふ,財布《さいふ》
2297,財産,ざいさん,財産《ざいさん》
2298,貧し,し,貧し
2299,販売,はんばい,販売《はんばい》
2300,販売員,はんばいいん,販売員《はんばいいん》
2301,販売店,はんばいてん,販売店《はんばいてん》
2302,責任,,責任
2303,貯蓄,ちちく,貯蓄《ちょちく》
2304,貯金,ちきん,貯金《ちょきん》
2305,買,か,買《か》
2306,買い手,かいて,買《か》い手《て》
2307,買い物,かいもの,買《か》い物《もの》
2308,買い物に行,かいものにい,買《か》い物《もの》に行《い》
2309,買い物を,かいものを,買《か》い物《もの》を
2310,買い物客,かいものきく,買《か》い物客《ものきゃく》
2311,貸,か,貸《か》
2312,貸し出,かしだ,貸《か》し出《だ》
2313,賃貸契約,ちんたいけいやく,賃貸契約《ちんたいけいやく》
2314,資料,しりう,資料《しりょう》
2315,資格,しかく,資格《しかく》
2316,賞,しう,賞《しょう》
2317,賞品,しうひん,賞品《しょうひん》
2318,賞状,しうじう,賞状《しょうじょう》
2319,賞金,しうきん,賞金《しょうきん》
2320,賢,,賢
2321,質問,しつもん,質問《しつもん》
2322,質素,,質素
2323,賭け,かけ,賭《か》け
2324,購入品,こうにうひん,購入品《こうにゅうひん》
2325,購入者,こうにうし,購入者《こうにゅうしゃ》
2326,贈答用に包まれてい,にまれてい,贈答用に包まれてい
2327,赤,あか,赤《あか》
2328,赤ちゃん,あかちん,赤《あか》ちゃん
2329,赤色,,赤色
2330,起こ,おこ,起《お》こ
2331,起源,きげん,起源《きげん》
2332,趣味,しみ,趣味《しゅみ》
2333,趣味は良,は,趣味は良
2334,足,あし,足《あし》
2335,足の指,あしのゆび,足《あし》の指《ゆび》
2336,足の裏,あしのうら,足《あし》の裏《うら》
2337,足,た,足《た》
2338,足先,あしさき,足先《あしさき》
2339,足首,あしくび,足首《あしくび》
2340,距離,きり,距離《きょり》
2341,踊り場,おどりば,踊《おど》り場《ば》
2342,踏,ふ,踏《ふ》
2343,踏切,ふみきり,踏切《ふみきり》
2344,身だしなみが良,だしなみが,身だしなみが良
2345,身長,しんちう,身長《しんちょう》
2346,車,くるま,車《くるま》
2347,車両,しりう,車両《しゃりょう》
2348,車掌,ししう,車掌《しゃしょう》
2349,車椅子,くるまいす,車椅子《くるまいす》
2350,車酔い,くるまよい,車酔《くるまよ》い
2351,転,ころ,転《ころ》
2352,軽,,軽
2353,輪,わ,輪《わ》
2354,輸入されてい,されてい,輸入されてい
2355,輸送,ゆそう,輸送《ゆそう》
2356,辛,,辛
2357,辛抱強,,辛抱強
2358,辞書,じし,辞書《じしょ》
2359,込,,込
2360,近,,近
2361,近づ,ちかづ,近《ちか》づ
2362,近視,,近視
2363,返,かえ,返《かえ》
2364,返事,へんじ,返事《へんじ》
2365,返信,へんしん,返信《へんしん》
2366,迷,,迷
2367,迷惑,めいわく,迷惑《めいわく》
2368,迷惑メール,めいわくめる,迷惑《めいわく》メール
2369,追及,ついきう,追及《ついきゅう》
2370,退屈,,退屈
2371,送別会,そうべつかい,送別会《そうべつかい》
2372,逃,のが,逃《のが》
2373,途方にくれ,にくれ,途方にくれ
2374,通勤,つうきん,通勤《つうきん》
2375,通学,つうがく,通学《つうがく》
2376,通帳,つうちう,通帳《つうちょう》
2377,通知,つうち,通知《つうち》
2378,通貨,,通貨
2379,造花,ぞうか,造花《ぞうか》
2380,連絡,れんらく,連絡《れんらく》
2381,連絡を絶,れんらくをた,連絡《れんらく》を絶《た》
2382,連絡先,れんらくさき,連絡先《れんらくさき》
2383,週,しう,週《しゅう》
2384,週末,しうまつ,週末《しゅうまつ》
2385,進化,しんか,進化《しんか》
2386,進歩,しんぽ,進歩《しんぽ》
2387,進行役,しんこうやく,進行役《しんこうやく》
2388,遅れ,れ,遅れ
2389,遊園地,ゆうえんち,遊園地《ゆうえんち》
2390,運,うん,運《うん》
2391,運,はこ,運《はこ》
2392,運が悪,が,運が悪
2393,運が良,が,運が良
2394,運動,うんどう,運動《うんどう》
2395,運営,うんえい,運営《うんえい》
2396,運転,うんてん,運転《うんてん》
2397,運転手,うんてんし,運転手《うんてんしゅ》
2398,過ぎに,すぎに,過《す》ぎに
2399,過ぎまで,すぎまで,過《す》ぎまで
2400,過去,かこ,過去《かこ》
2401,過程,かてい,過程《かてい》
2402,道路,どうろ,道路《どうろ》
2403,達成,たせい,達成《たっせい》
2404,違反,いはん,違反《いはん》
2405,遠,,遠
2406,遠視,,遠視
2407,適,てき,適《てき》
2408,選,えら,選《えら》
2409,選手,せんし,選手《せんしゅ》
2410,選択,せんたく,選択《せんたく》
2411,選挙,せんき,選挙《せんきょ》
2412,選考会,せんこうかい,選考会《せんこうかい》
2413,遺書,いし,遺書《いしょ》
2414,遺産,いさん,遺産《いさん》
2415,避難,ひなん,避難《ひなん》
2416,避難訓練,ひなんくんれん,避難訓練《ひなんくんれん》
2417,部分,ぶぶん,部分《ぶぶん》
2418,部分的,,部分的
2419,部屋,へや,部屋《へや》
2420,部屋着,へやぎ,部屋着《へやぎ》
2421,部活,ぶかつ,部活《ぶかつ》
2422,部活動,ぶかつどう,部活動《ぶかつどう》
2423,部署,ぶし,部署《ぶしょ》
2424,郵便局,ゆうびんきく,郵便局《ゆうびんきょく》
2425,郵便物,ゆうびんぶつ,郵便物《ゆうびんぶつ》
2426,郵送,ゆうそう,郵送《ゆうそう》
2427,都市,とし,都市《とし》
2428,酒,さけ,酒《さけ》
2429,酔,,酔
2430,酢,す,酢《す》
2431,酸,さん,酸《さん》
2432,醜,,醜
2433,醤油,しうゆ,醤油《しょうゆ》
2434,重,,重
2435,重り,おもり,重《おも》り
2436,重要,,重要
2437,野性的,,野性的
2438,野球,やきう,野球《やきゅう》
2439,野生,,野生
2440,野菜,やさい,野菜《やさい》
2441,金,きん,金《きん》
2442,金属,,金属
2443,金属でできてい,でできてい,金属でできてい
2444,金物屋,かなものや,金物屋《かなものや》
2445,金色,,金色
2446,針,はり,針《はり》
2447,釣り,つり,釣《つ》り
2448,釣り針,つりばり,釣《つ》り針《ばり》
2449,鈍感,,鈍感
2450,鉄,てつ,鉄《てつ》
2451,鉄分,てつぶん,鉄分《てつぶん》
2452,鉄道,てつどう,鉄道《てつどう》
2453,鉛筆,えんぴつ,鉛筆《えんぴつ》
2454,銀,ぎん,銀《ぎん》
2455,銀色,,銀色
2456,銀行,ぎんこう,銀行《ぎんこう》
2457,銀行口座,ぎんこうこうざ,銀行口座《ぎんこうこうざ》
2458,銀行員,ぎんこういん,銀行員《ぎんこういん》
2459,銅,どう,銅《どう》
2460,銭湯,せんとう,銭湯《せんとう》
2461,錠,じう,錠《じょう》
2462,錠剤,じうざい,錠剤《じょうざい》
2463,録画,ろくが,録画《ろくが》
2464,録音,ろくおん,録音《ろくおん》
2465,鍋,なべ,鍋《なべ》
2466,鍵,かぎ,鍵《かぎ》
2467,鏡,かがみ,鏡《かがみ》
2468,長,,長
2469,長く,ながく,長《なが》く
2470,閉まってい,まてい,閉まってい
2471,閉鎖的,,閉鎖的
2472,開,ひら,開《ひら》
2473,開いてい,いてい,開いてい
2474,開放的,,開放的
2475,間抜け,け,間抜け
2476,間違,まちが,間違《まちが》
2477,間違っ,,間違っ
2478,間隔,かんかく,間隔《かんかく》
2479,関係,かんけい,関係《かんけい》
2480,防,ふせ,防《ふせ》
2481,防止,ぼうし,防止《ぼうし》
2482,限界,げんかい,限界《げんかい》
2483,陣痛,じんつう,陣痛《じんつう》
2484,陶器,とうき,陶器《とうき》
2485,陶器店,とうきてん,陶器店《とうきてん》
2486,陽気,,陽気
2487,階段,かいだん,階段《かいだん》
2488,階段で行,かいだんでい,階段《かいだん》で行《い》
2489,隙間風,,隙間風
2490,障がい,しうがい,障《しょう》がい
2491,障がい者,しうがいし,障《しょう》がい者《しゃ》
2492,障害物,しうがいぶつ,障害物《しょうがいぶつ》
2493,隠し事,かくしごと,隠《かく》し事《ごと》
2494,集中,しうちう,集中《しゅうちゅう》
2495,雇,やと,雇《やと》
2496,雇用,こよう,雇用《こよう》
2497,雇用者,こようし,雇用者《こようしゃ》
2498,雑巾,ぞうきん,雑巾《ぞうきん》
2499,雑草,ざそう,雑草《ざっそう》
2500,雑誌,ざし,雑誌《ざっし》
2501,離れてい,れてい,離れてい
2502,離婚,,離婚
2503,離婚,りこん,離婚《りこん》
2504,離陸,りりく,離陸《りりく》
2505,難し,し,難し
2506,雨,あめ,雨《あめ》
2507,雨具,あまぐ,雨具《あまぐ》
2508,雨雲,あまぐも,雨雲《あまぐも》
2509,雨靴,あまぐつ,雨靴《あまぐつ》
2510,雪,ゆき,雪《ゆき》
2511,雷,かみなり,雷《かみなり》
2512,雹,ひう,雹《ひょう》
2513,電力,でんりく,電力《でんりょく》
2514,電卓,でんたく,電卓《でんたく》
2515,電子タバコ,でんしたばこ,電子《でんし》タバコ
2516,電子マネー,でんしまね,電子《でんし》マネー
2517,電子レンジ,でんしれんじ,電子《でんし》レンジ
2518,電気,でんき,電気《でんき》
2519,電気ポット,でんきぽと,電気《でんき》ポット
2520,電源,でんげん,電源《でんげん》
2521,電話,でんわ,電話《でんわ》
2522,電話機,でんわき,電話機《でんわき》
2523,電話番号,でんわばんごう,電話番号《でんわばんごう》
2524,電車,でんし,電車《でんしゃ》
2525,電車を利用,でんしをりよう,電車《でんしゃ》を利用《りよう》
2526,霧,きり,霧《きり》
2527,霧がかかってい,がかかてい,霧がかかってい
2528,青,あお,青《あお》
2529,青白,,青白
2530,青色,,青色
2531,静か,か,静か
2532,非常に疲れ,にれ,非常に疲れ
2533,非常口,ひじうぐち,非常口《ひじょうぐち》
2534,非難,ひなん,非難《ひなん》
2535,面倒,,面倒
2536,面接,めんせつ,面接《めんせつ》
2537,面白,,面白
2538,靴,くつ,靴《くつ》
2539,靴ひも,くつひも,靴《くつ》ひも
2540,靴下,くつした,靴下《くつした》
2541,靴底,くつぞこ,靴底《くつぞこ》
2542,鞄,かばん,鞄《かばん》
2543,韓国人,,韓国人
2544,音,おと,音《おと》
2545,音声,おんせい,音声《おんせい》
2546,音声認識,おんせいにんしき,音声認識《おんせいにんしき》
2547,音楽,おんがく,音楽《おんがく》
2548,音量,おんりう,音量《おんりょう》
2549,項目,こうもく,項目《こうもく》
2550,順序,じんじ,順序《じゅんじょ》
2551,順番,じんばん,順番《じゅんばん》
2552,頑丈,,頑丈
2553,頑固,,頑固
2554,領収書,りうしうし,領収書《りょうしゅうしょ》
2555,頭がおかし,がおかし,頭がおかし
2556,頭が良,が,頭が良
2557,頭皮,とうひ,頭皮《とうひ》
2558,頼,たの,頼《たの》
2559,頼っ,,頼っ
2560,頼る,る,頼る
2561,頼れ,れ,頼れ
2562,題名,だいめい,題名《だいめい》
2563,顎,あご,顎《あご》
2564,顔,かお,顔《かお》
2565,顔色,かおいろ,顔色《かおいろ》
2566,願,ねが,願《ねが》
2567,風,かぜ,風《かぜ》
2568,風船,ふうせん,風船《ふうせん》
2569,風通しが良,しが,風通しが良
2570,飛,と,飛《と》
2571,飛ば,とば,飛《と》ば
2572,飛行機,ひこうき,飛行機《ひこうき》
2573,飛行機で行,ひこうきでい,飛行機《ひこうき》で行《い》
2574,飛行機を利用,ひこうきをりよう,飛行機《ひこうき》を利用《りよう》
2575,飛行機酔い,ひこうきよい,飛行機酔《ひこうきよ》い
2576,食べ物,たべもの,食《た》べ物《もの》
2577,食べ応え,べえ,食べ応え
2578,食器棚,しきだな,食器棚《しょっきだな》
2579,食材,しくざい,食材《しょくざい》
2580,食洗機,しくせんき,食洗機《しょくせんき》
2581,食用,,食用
2582,食糧,しくりう,食糧《しょくりょう》
2583,食費,しくひ,食費《しょくひ》
2584,飲,の,飲《の》
2585,飲み会,のみかい,飲《の》み会《かい》
2586,飲み物,のみもの,飲《の》み物《もの》
2587,飲み薬,のみぐすり,飲《の》み薬《ぐすり》
2588,飲み込,のみこ,飲《の》み込《こ》
2589,飲料水,いんりうすい,飲料水《いんりょうすい》
2590,飲食店,いんしくてん,飲食店《いんしょくてん》
2591,飴,あめ,飴《あめ》
2592,飽き,き,飽き
2593,餅,もち,餅《もち》
2594,養殖されてい,されてい,養殖されてい
2595,養育費,よういくひ,養育費《よういくひ》
2596,餌[動物],えさどうぶつ,餌《えさ》[動物《どうぶつ》]
2597,餌[釣り・狩り],えさつりかり,餌《えさ》[釣《つ》り・狩《か》り]
2598,首,くび,首《くび》
2599,馬,うま,馬《うま》
2600,駅,えき,駅《えき》
2601,駅員,えきいん,駅員《えきいん》
2602,駅長,えきちう,駅長《えきちょう》
2603,駐車,ちうし,駐車《ちゅうしゃ》
2604,駐車場,ちうしじう,駐車場《ちゅうしゃじょう》
2605,駐輪,ちうりん,駐輪《ちゅうりん》
2606,騒々し,し,騒々し
2607,騒,さわ,騒《さわ》
2608,驚,,驚
2609,驚か,おどろか,驚《おどろ》か
2610,驚き,き,驚き
2611,驚くほど素晴らし,くほどらし,驚くほど素晴らし
2612,骨,ほね,骨《ほね》
2613,骨と皮だけのよう,とだけのよう,骨と皮だけのよう
2614,骨のよう,のよう,骨のよう
2615,高,,高
2616,高層ビル,こうそうびる,高層《こうそう》ビル
2617,高慢ちき,ちき,高慢ちき
2618,高校,こうこう,高校《こうこう》
2619,高校生,こうこうせい,高校生《こうこうせい》
2620,高級,,高級
2621,高速道路,こうそくどうろ,高速道路《こうそくどうろ》
2622,高齢,,高齢
2623,髪,かみ,髪《かみ》
2624,髪の毛,かみのけ,髪《かみ》の毛《け》
2625,髪型,かみがた,髪型《かみがた》
2626,鬱,うつ,鬱《うつ》
2627,魂,たましい,魂《たましい》
2628,魅力的,,魅力的
2629,魔法,まほう,魔法《まほう》
2630,魚,さかな,魚《さかな》
2631,魚介類,ぎかいるい,魚介類《ぎょかいるい》
2632,鮪,まぐろ,鮪《まぐろ》
2633,鮭,さけ,鮭《さけ》
2634,鯖,さば,鯖《さば》
2635,鯵,あじ,鯵《あじ》
2636,鰯,いわし,鰯《いわし》
2637,鰹,かつお,鰹《かつお》
2638,鳥,とり,鳥《とり》
2639,鳩,はと,鳩《はと》
2640,鶏のから揚げ,とりのからあげ,鶏《とり》のから揚《あ》げ
2641,鶏肉,とりにく,鶏肉《とりにく》
2642,黄緑色,,黄緑色
2643,黄色,,黄色
2644,黄色,きいろ,黄色《きいろ》
2645,黒色,,黒色
2646,鼻,はな,鼻《はな》
2647,鼻毛,はなげ,鼻毛《はなげ》
2648,鼻水,はなみず,鼻水《はなみず》
2649,鼻血,はなぢ,鼻血《はなぢ》
2650,１ヶ月に２度,に,１ヶ月に２度
2651,２ヶ月に１度,に,２ヶ月に１度
2652,1月4日,がつか,1月《がつ》4日《か》
2653,ずっと,ずっと,《ずっと》
2654,暑,あつ,暑
2655,暖か,あたたか,暖か
2656,涼し,すずし,涼し
2657,肌寒,はだざむ,肌寒
2658,寒,さむ,寒
2659,明る,あかる,明る
2660,薄暗,うすぐら,薄暗
2661,暗,くら,暗
2662,晴れ,はれ,晴れ
2663,乾燥し,かんそうし,乾燥し
2664,蒸し,むし,蒸し
2665,雨がち,あまがち,雨がち
2666,雪がち,ゆきがち,雪がち
2667,雷,かみなり,雷
2668,嵐,あらし,嵐
2669,風,かぜ,風
2670,そよ風,そよかぜ,そよ風
2671,雲,くも,雲
2672,紺色,こんいろ,紺色
2673,[仕事などが]疲れ,つかれ,[仕事などが]疲れ
2674,整理されてい,せいりされてい,整理されてい
2675,積み重ねられてい,つみかさねられてい,積み重ねられてい
2676,養殖されてい,ようしょくされてい,養殖されてい
2677,安,やす,安
2678,濁,にご,濁
2679,しかない,するしかない,《する》しかない
2680,また,もまた,《も》また
2681,こわばらせて,をこわばらせて,《体を》こわばらせて
2682,最後に,などのさいごに,《話などの》最後《さいご》に
2683,明確に、はっきりと,いにしてめいかくにはきりと,《違いに関して》明確《めいかく》に、はっきりと
2684,あいにく,あいにく,あいにく
2685,あからさまに,あからさまに,あからさまに
2686,あきあきして,あきあきして,あきあきして
2687,あきれて,あきれて,あきれて
2688,あなたたちだけで,あなたたちだけで,あなたたちだけで
2689,あなたひとりで,あなたひとりで,あなたひとりで
2690,あらゆる点で等しく,あらゆるてんでひとしく,あらゆる点《てん》で等《ひと》しく
2691,ある程度まで,あるていどまで,ある程度《ていど》まで
2692,あれやこれやで,あれやこれやで,あれやこれやで
2693,いい加減に,いいかげんに,いい加減《かげん》に
2694,いかに～であろうとも,いかにであろうとも,いかに～であろうとも
2695,いっせいに,いせいに,いっせいに
2696,いつになく,いつになく,いつになく
2697,いつも,いつも,いつも
2698,いつものように,いつものように,いつものように
2699,いつもより早く,いつもよりはやく,いつもより早《はや》く
2700,いつもより遅く,いつもよりおそく,いつもより遅《おそ》く
2701,いとも簡単に,いともかんたんに,いとも簡単《かんたん》に
2702,いまだに,いまだに,いまだに
2703,いろいろに,いろいろに,いろいろに
2704,うかつに,うかつに,うかつに
2705,うさんくさそうに,うさんくさそうに,うさんくさそうに
2706,うっかり,うかりと,うっかり《と》
2707,うぬぼれて,うぬぼれて,うぬぼれて
2708,うまく,うまく,うまく
2709,うまくいけば,うまくいけば,うまくいけば
2710,うやうやしく,うやうやしく,うやうやしく
2711,うろたえて,うろたえて,うろたえて
2712,うんざりして,うんざりして,うんざりして
2713,おおよそ,おおよそ,おおよそ
2714,おかしく,おかしく,おかしく
2715,おちゃめに,おちめに,おちゃめに
2716,おとなしく,おとなしく,おとなしく
2717,おどけて,おどけて,おどけて
2718,おぼろげに,おぼろげに,おぼろげに
2719,おもしろく,おもしろく,おもしろく
2720,およそ,およそ,およそ
2721,かすかに,かすかに,かすかに
2722,かつて,かつて,かつて
2723,かなり,かなり,かなり
2724,かろうじて,かろうじて,かろうじて
2725,がっかりさせるように,がかりさせるように,がっかりさせるように
2726,がっかりして,がかりして,がっかりして
2727,きちんと,きちんと,きちんと
2728,きっぱりと,きぱりと,きっぱりと
2729,きらめくように,きらめくように,きらめくように
2730,きれいに,きれいに,きれいに
2731,ぎくしゃくと,ぎくしくと,ぎくしゃくと
2732,ぎこちなく,ぎこちなく,ぎこちなく
2733,けげんに,けげんに,けげんに
2734,けばけばしく,けばけばしく,けばけばしく
2735,けろりと,けろりと,けろりと
2736,こっそりと,こそりと,こっそりと
2737,この件において,このけんにおいて,この件《けん》において
2738,こらえきれず,こらえきれず,こらえきれず
2739,これっぽちも,これぽちも,これっぽちも
2740,これまでになく,これまでになく,これまでになく
2741,これ見よがしに,これみよがしに,これ見《み》よがしに
2742,こわごわと,こわごわと,こわごわと
2743,ご指摘の通り,ごしてきのとおり,ご指摘《してき》の通《とお》り
2744,さっさと,ささと,さっさと
2745,さまざまに,さまざまに,さまざまに
2746,さもなければ,さもなければ,さもなければ
2747,さらに,さらに,さらに
2748,ざっくばらんに,ざくばらんに,ざっくばらんに
2749,ざっくりと,ざくりと,ざっくりと
2750,しきりに,しきりに,しきりに
2751,しっかりと,しかりと,しっかりと
2752,しつこく,しつこく,しつこく
2753,しどろもどろに,しどろもどろに,しどろもどろに
2754,しぶしぶ,しぶしぶ,しぶしぶ
2755,しまりなく,しまりなく,しまりなく
2756,じかに,じかに,じかに
2757,すぐに[簡単に],すぐにかんたんに,すぐに[簡単《かんたん》に]
2758,すごく,すごく,すごく
2759,すっかり,すかり,すっかり
2760,すっかり,すかりに,すっかり《全体的に》
2761,すてきに,すてきに,すてきに
2762,すでに,すでに,すでに
2763,すなわち,すなわち,すなわち
2764,すまなそうに,すまなそうに,すまなそうに
2765,ずうずうしく,ずうずうしく,ずうずうしく
2766,ずけずけと,ずけずけと,ずけずけと
2767,ずばりと,ずばりと,ずばりと
2768,ずるく,ずるく,ずるく
2769,ずる賢く,ずるがしこく,ずる賢《がしこ》く
2770,そうでなければ,そうでなければ,そうでなければ
2771,そうではなく,そうではなく,そうではなく
2772,そっけなく,そけなく,そっけなく
2773,そっと,そと,そっと
2774,そつなく,そつなく,そつなく
2775,その上,そのうえ,その上《うえ》
2776,それぞれ,それぞれ,それぞれ
2777,それにもかかわらず,それにもかかわらず,それにもかかわらず
2778,それに応じて,それにおうじて,それに応《おう》じて
2779,それに関して,それにかんして,それに関《かん》して
2780,それ故に,それゆえに,それ故《ゆえ》に
2781,それ自体,それじたい,それ自体《じたい》
2782,ぞんざいに,ぞんざいに,ぞんざいに
2783,たくさん,たくさん,たくさん
2784,ただ～だけ,ただだけ,ただ～だけ
2785,たまらなく,たまらなく,たまらなく
2786,ためらって,ためらて,ためらって
2787,だいぶ,だいぶ,だいぶ
2788,だらしなく,だらしなく,だらしなく
2789,だるそうに,だるそうに,だるそうに
2790,ちなみに,ちなみに,ちなみに
2791,ついでに,ついでに,ついでに
2792,ついに,ついに,ついに
2793,できれば,できれば,できれば
2794,でしゃばって,でしばて,でしゃばって
2795,とうとう,とうとう,とうとう
2796,ところで,ところで,ところで
2797,とてつもなく,とてつもなく,とてつもなく《被害》
2798,とても,とても,とても
2799,とにかく,とにかく,とにかく
2800,とめどなく,とめどなく,とめどなく
2801,とりあえず,とりあえず,とりあえず
2802,とりわけ,とりわけ,とりわけ
2803,とんでもなく,とんでもなく,とんでもなく
2804,どういうわけか,どういうわけか,どういうわけか
2805,どうしようもなく,どうしようもなく,どうしようもなく
2806,どうでもいい,どうでもいい,どうでもいい
2807,どうやら～らしい,どうやららしい,どうやら～らしい
2808,どう考えても,どうかんがえても,どう考《かんが》えても
2809,どう見ても,どうみても,どう見《み》ても
2810,どこから見ても,どこからみても,どこから見《み》ても
2811,どこにも寄らずに,どこにもよらずに,どこにも寄《よ》らずに
2812,どさくさ紛れに,どさくさまぎれに,どさくさ紛《まぎ》れに
2813,どちらかと言えば,どちらかといえば,どちらかと言《い》えば
2814,どっしりと,どしりと,どっしりと
2815,どんどん,どんどん,どんどん
2816,どんなに～でも,どんなにでもどれほどでも,どんなに～でも《どれほど～でも》
2817,なだらかに,なだらかに,なだらかに
2818,なにがなんでも,なにがなんでも,なにがなんでも
2819,なまけて,なまけて,なまけて
2820,なんとか,なんとか,なんとか
2821,にべもなく,にべもなく,にべもなく
2822,に関して,にかんして,に関《かん》して
2823,のろのろして,のろのろして,のろのろして
2824,のんびりと,のんびりと,のんびりと
2825,の点において,のてんにおいてのから,の点《てん》において《の観点から》
2826,はっきりと,はきりと,はっきりと
2827,はっきりと,はきりとして,はっきりと《発音して》
2828,はっきり言うと,はきりいうと,はっきり言《い》うと
2829,はねつけて,はねつけて,はねつけて
2830,はやる思いで,はやるおもいで,はやる思《おも》いで
2831,はるかに,はるかに,はるかに
2832,ばらばらに,ばらばらに,ばらばらに
2833,ひたすら,ひたすら,ひたすら
2834,ひっそりと,ひそりと,ひっそりと
2835,ひとつひとつ,ひとつひとつ,ひとつひとつ
2836,ひとまとめにして,ひとまとめにして,ひとまとめにして
2837,ひとりで,ひとりで,ひとりで
2838,ひとりひとり,ひとりひとり,ひとりひとり
2839,ひどく,ひどく,ひどく
2840,ひょうきんに,ひうきんに,ひょうきんに
2841,びっくりして,びくりして,びっくりして
2842,ふざけて,ふざけて,ふざけて
2843,ふてぶてしく,ふてぶてしく,ふてぶてしく
2844,ふと,ふと,ふと
2845,ぶっきらぼうに,ぶきらぼうに,ぶっきらぼうに
2846,ほとんど,ほとんど,ほとんど
2847,ほどほどに,ほどほどに,ほどほどに
2848,ほんのわずかも,ほんのわずかも,ほんのわずかも
2849,ぼんやりと,ぼんやりと,ぼんやりと
2850,まさしく,まさしく,まさしく
2851,ますます,ますます,ますます
2852,まともに,まともに,まともに
2853,まぬけて,まぬけて,まぬけて
2854,まばらに,まばらに,まばらに
2855,まれに,まれに,まれに
2856,むごく,むごく,むごく
2857,むしろ,むしろ,むしろ
2858,めきめきと,めきめきと,めきめきと
2859,めったに~ない,めたにない,めったに~ない
2860,もしかしたら,もしかしたら,もしかしたら
2861,もちろん,もちろん,もちろん
2862,もったいぶって,もたいぶて,もったいぶって
2863,もっともらしく,もともらしく,もっともらしく
2864,もっと先へ,もとさきへ,もっと先《さき》へ
2865,もっぱら,もぱら,もっぱら
2866,もともと,もともと,もともと
2867,ものすごく,ものすごく,ものすごく
2868,やく,やく,やく
2869,やけになって,やけになて,やけになって
2870,やっと,やと,やっと
2871,やはり,やはり,やはり
2872,やむを得ず,やむをえず,やむを得《え》ず
2873,ゆっくりと,ゆくりと,ゆっくりと
2874,ゆるく,ゆるく,ゆるく
2875,よく知られているように,よくしられているように,よく知《し》られているように
2876,よく考えて,よくかんがえて,よく考《かんが》えて
2877,よく考えないで,よくかんがえないで,よく考《かんが》えないで
2878,よって,よて,よって
2879,わざと,わざと,わざと
2880,わざとらしく,わざとらしく,わざとらしく
2881,わずかに,わずかに,わずかに
2882,イライラして,いらいらして,イライラして
2883,イライラと,いらいらと,イライラと
2884,インターネット上に,いんたねとじうに,インターネット上《じょう》に
2885,オープンに,おぷんに,オープンに
2886,ガツガツと,がつがつと,ガツガツと
2887,ギリギリのところで,ぎりぎりのところで,ギリギリのところで
2888,コソコソと,こそこそと,コソコソと
2889,コツコツと,こつこつと,コツコツと
2890,スムーズに,すむずに,スムーズに
2891,スラスラと,すらすらと,スラスラと
2892,デジタル的に,でじたるてきに,デジタル的《てき》に
2893,ドキドキして,どきどきして,ドキドキして
2894,ハッとして,はとして,ハッとして
2895,ハラハラして,はらはらして,ハラハラして
2896,ワクワクして,わくわくして,ワクワクして
2897,ワクワクしながら,わくわくしながら,ワクワクしながら
2898,一度に,いちどに,一度《いちど》に
2899,一方的に,いぽうてきに,一方的《いっぽうてき》に
2900,一時的に,いちじてきに,一時的《いちじてき》に
2901,一気に,いきに,一気《いっき》に
2902,一直線に,いちくせんに,一直線《いっちょくせん》に
2903,一般に,いぱんに,一般《いっぱん》に
2904,一見,いけん,一見《いっけん》
2905,一貫して,いかんして,一貫《いっかん》して
2906,一貫性なく,いかんせいなく,一貫性《いっかんせい》なく
2907,一部分は,いちぶぶんは,一部分《いちぶぶん》は
2908,丁寧に,ていねいに,丁寧《ていねい》に
2909,丁重に,ていちうに,丁重《ていちょう》に
2910,上から目線で,うえからめせんですように,上《うえ》から目線《めせん》で《見下すように》
2911,上位に,じういに,上位《じょうい》に
2912,上品に,じうひんに,上品《じょうひん》に
2913,下手に,へたに,下手《へた》に
2914,不便なことに,ふべんなことに,不便《ふべん》なことに
2915,不十分に,ふじうぶんに,不十分《ふじゅうぶん》に
2916,不可逆的に,ふかぎくてきに,不可逆的《ふかぎゃくてき》に
2917,不可避に,ふかひに,不可避《ふかひ》に
2918,不器用に,ぶきように,不器用《ぶきよう》に
2919,不安げに,ふあんげに,不安《ふあん》げに
2920,不完全に,ふかんぜんに,不完全《ふかんぜん》に
2921,不当に,ふとうに,不当《ふとう》に
2922,不快な態度で,ふかいなたいどで,不快《ふかい》な態度《たいど》で
2923,不快に,ふかいに,不快《ふかい》に
2924,不思議そうに,ふしぎそうに,不思議《ふしぎ》そうに
2925,不思議なことに,ふしぎなことに,不思議《ふしぎ》なことに
2926,不思議なほど,ふしぎなほど,不思議《ふしぎ》なほど
2927,不愉快に,ふゆかいに,不愉快《ふゆかい》に
2928,不明確に,ふめいかくに,不明確《ふめいかく》に
2929,不条理に,ふじうりに,不条理《ふじょうり》に
2930,不正に,ふせいに,不正《ふせい》に
2931,不正確に,ふてきかくに,不正確《ふてきかく》に
2932,不気味に,ぶきみに,不気味《ぶきみ》に
2933,不注意に,ふちういに,不注意《ふちゅうい》に
2934,不満足に,ふまんぞくに,不満足《ふまんぞく》に
2935,不熱心に,ふねしんに,不熱心《ふねっしん》に
2936,不細工に,ぶさいくに,不細工《ぶさいく》に
2937,不自然に,ふしぜんに,不自然《ふしぜん》に
2938,不自由に,ふじゆうに,不自由《ふじゆう》に
2939,不規則に,ふきそくに,不規則《ふきそく》に
2940,不親切に,ふしんせつに,不親切《ふしんせつ》に
2941,不誠実に,ふせいじつに,不誠実《ふせいじつ》に
2942,不運にも,ふうんにも,不運《ふうん》にも
2943,不適切,ふてきせつ,不適切《ふてきせつ》
2944,世界的に,せかいてきに,世界的《せかいてき》に
2945,並外れて,なみはずれて,並外《なみはず》れて
2946,中ほどに,なかほどに,中《なか》ほどに
2947,中ほどまで,なかほどまで,中《なか》ほどまで
2948,中途で,ちうとで,中途《ちゅうと》で
2949,主に,おもに,主《おも》に
2950,主として,しとして,主《しゅ》として
2951,主観的に,しかんてきに,主観的《しゅかんてき》に
2952,乏しく,とぼしく,乏《とぼ》しく
2953,予め,あらかじめ,予《あらかじ》め
2954,予想以上に,よそういじうに,予想以上《よそういじょう》に
2955,予想通りに,よそうどおりに,予想通《よそうどお》りに
2956,予期せず,よきせず,予期《よき》せず
2957,事前に,じぜんに,事前《じぜん》に
2958,事実上,じじつじう,事実上《じじつじょう》
2959,事情によって,じじうによて,事情《じじょう》によって
2960,二者択一で,にしたくいつで,二者択一《にしゃたくいつ》で
2961,互いに,たがいに,互《たが》いに
2962,交互に,こうごに,交互《こうご》に
2963,人並みに,ひとなみに,人並《ひとな》みに
2964,人工的に,じんこうてきに,人工的《じんこうてき》に
2965,人目を引くように,ひとめをひくように,人目《ひとめ》を引《ひ》くように
2966,人目を盗んで,ひとめをぬすんで,人目《ひとめ》を盗《ぬす》んで
2967,今もなお,いまもなお,今《いま》もなお
2968,今や,いまや,今《いま》や
2969,仕方なく,しかたなく,仕方《しかた》なく
2970,他の方法で,ほかのほうほうで,他《ほか》の方法《ほうほう》で
2971,付加的に,ふかてきに,付加的《ふかてき》に
2972,代わりに,かわりに,代《か》わりに
2973,仮に,かりに,仮《かり》に
2974,仮定で,かていで,仮定《かてい》で
2975,仰々しく,ぎうぎうしく,仰々《ぎょうぎょう》しく
2976,任意に,にんいに,任意《にんい》に
2977,伝えられるところによると,つたえられるところによると,伝《つた》えられるところによると
2978,伝統的に,でんとうてきに,伝統的《でんとうてき》に
2979,似たように,にたように,似《に》たように
2980,低い声で,ひくいこえで,低《ひく》い声《こえ》で
2981,体力的に,たいりくてきに,体力的《たいりょくてき》に
2982,何でもいい,なんでもいい,何《なん》でもいい
2983,何気なく,なにげなく,何気《なにげ》なく
2984,余計に,よけいに,余計《よけい》に
2985,例えて言うと,たとえていうと,例《たと》えて言《い》うと
2986,価値ある方法で,かちあるほうほうで,価値《かち》ある方法《ほうほう》で
2987,便利に,べんりに,便利《べんり》に
2988,信じられないほど,しんじられないほど,信《しん》じられないほど
2989,信じられない思いで,しんじられないおもいで,信《しん》じられない思《おも》いで
2990,個々に,ここに,個々《ここ》に
2991,個人的に,こじんてきに,個人的《こじんてき》に
2992,倫理に反する手段で,りんりにはんするしだんで,倫理《りんり》に反《はん》する手段《しゅだん》で
2993,倫理的に,りんりてきに,倫理的《りんりてき》に
2994,倹約して,けんやくして,倹約《けんやく》して
2995,偉そうに,えらそうに,偉《えら》そうに
2996,健全に,けんぜんに,健全《けんぜん》に
2997,健全に,けんぜんに,健全《けんぜん》に《思想》
2998,側面にそって,そくめんにそて,側面《そくめん》にそって
2999,偶然に,ぐうぜんに,偶然《ぐうぜん》に
3000,偶然に一致して,ぐうぜんにいちして,偶然《ぐうぜん》に一致《いっち》して
3001,儀式的に,ぎしきてきに,儀式的《ぎしきてき》に
3002,優れて,すぐれて,優《すぐ》れて
3003,優しく,やさしく,優《やさ》しく
3004,優雅に,ゆうがに,優雅《ゆうが》に
3005,元来,がんらい,元来《がんらい》
3006,元気づけるように,げんきづけるように,元気《げんき》づけるように
3007,元気に,げんきに,元気《げんき》に
3008,元気よく,げんきよく,元気《げんき》よく
3009,先を見越して,さきをみこして,先《さき》を見越《みこ》して
3010,先手を打って,せんてをうて,先手《せんて》を打《う》って
3011,入念に,にうねんに,入念《にゅうねん》に
3012,全く,またく,全《まった》く
3013,全く～ない,またくない,全《まった》く～ない
3014,全体的に,ぜんたいてきに,全体的《ぜんたいてき》に
3015,全国的に,ぜんこくてきに,全国的《ぜんこくてき》に
3016,全部で,ぜんぶで,全部《ぜんぶ》で
3017,公平に,こうへいに,公平《こうへい》に
3018,公式に,こうしきに,公式《こうしき》に
3019,共に,ともに,共《とも》に
3020,共通に,きうつうに,共通《きょうつう》に
3021,具体的に,ぐたいてきに,具体的《ぐたいてき》に
3022,典型的に,てんけいてきに,典型的《てんけいてき》に
3023,兼任して,けんにんして,兼任《けんにん》して
3024,内々に,うちうちに,内々《うちうち》に
3025,内密に,ないみつに,内密《ないみつ》に
3026,内心では,ないしんでは,内心《ないしん》では
3027,内部に,ないぶにで,内部《ないぶ》に《で》
3028,内面的に,ないめんてきに,内面的《ないめんてき》に
3029,再三にわたり,さいさんにわたり,再三《さいさん》にわたり
3030,冗談っぽく,じうだんぽく,冗談《じょうだん》っぽく
3031,冗談で,じうだんで,冗談《じょうだん》で
3032,冷淡に,れいたんに,冷淡《れいたん》に
3033,冷静に,れいせいに,冷静《れいせい》に
3034,凄まじく,すさまじく,凄《すさ》まじく
3035,凝って,こて,凝《こ》って
3036,几帳面に,きちうめんに,几帳面《きちょうめん》に
3037,出しゃばらずに,でしばらずに,出《で》しゃばらずに
3038,分かりやすく,わかりやすく,分《わ》かりやすく
3039,分別をわきまえて,ぶんべつをわきまえて,分別《ぶんべつ》をわきまえて
3040,切り離して,きりはなして,切《き》り離《はな》して
3041,初めに,はじめに,初《はじ》めに
3042,初めは,はじめは,初《はじ》めは
3043,別々に,べつべつに,別々《べつべつ》に
3044,別の方法で,べつのほうほうで,別《べつ》の方法《ほうほう》で
3045,利他的に,りたてきに,利他的《りたてき》に
3046,利口に,りこうに,利口《りこう》に
3047,前に,まえに,前《まえ》に
3048,前もって,まえもて,前《まえ》もって
3049,前例なく,ぜんれいなく,前例《ぜんれい》なく
3050,前向きに,まえむきに,前向《まえむ》きに
3051,前方に,ぜんぽうに,前方《ぜんぽう》に
3052,割合,わりあい,割合《わりあい》
3053,創造的に,そうぞうてきに,創造的《そうぞうてき》に
3054,劇的に,げきてきに,劇的《げきてき》に
3055,加えて,くわえて,加《くわ》えて
3056,励ますように,はげますように,励《はげ》ますように
3057,効果的に,こうかてきに,効果的《こうかてき》に
3058,効率よく,こうりつよく,効率《こうりつ》よく
3059,勇ましく,いさましく,勇《いさ》ましく
3060,勇敢に,ゆうかんに,勇敢《ゆうかん》に
3061,勇気づけるように,ゆうきづけるように,勇気《ゆうき》づけるように
3062,動作可能なように,どうさかのうなように,動作可能《どうさかのう》なように
3063,勝ち誇った態度で,かちほこたたいどで,勝《か》ち誇《ほこ》った態度《たいど》で
3064,勝手に,かてに,勝手《かって》に
3065,包括的に,ほうかつてきに,包括的《ほうかつてき》に
3066,医学的に,いがくてきに,医学的《いがくてき》に
3067,匿名で,とくめいで,匿名《とくめい》で
3068,十分に,じうぶんに,十分《じゅうぶん》に
3069,半ば,なかば,半《なか》ば
3070,半分ほど,はんぶんほど,半分《はんぶん》ほど
3071,卑劣に,ひれつに,卑劣《ひれつ》に
3072,協調的に,きうちうてきに,協調的《きょうちょうてき》に
3073,単に,たんに,単《たん》に
3074,単独で,たんどくで,単独《たんどく》で
3075,単純に,たんじんに,単純《たんじゅん》に
3076,印象的に,いんしうてきに,印象的《いんしょうてき》に
3077,危うく,あやうく,危《あや》うく
3078,厚かましく,あつかましく,厚《あつ》かましく
3079,厚く,あつく,厚《あつ》く
3080,原則的に,げんそくてきに,原則的《げんそくてき》に
3081,厳かに,おごそかに,厳《おごそ》かに
3082,厳しく,きびしく,厳《きび》しく
3083,厳密に,げんみつに,厳密《げんみつ》に
3084,厳密に言えば,げんみつにいえば,厳密《げんみつ》に言《い》えば
3085,及び腰で,およびごしで,及《およ》び腰《ごし》で
3086,友好的に,ゆうこうてきに,友好的《ゆうこうてき》に
3087,反射的に,はんしてきに,反射的《はんしゃてき》に
3088,取り憑かれたように,とりつかれたように,取《と》り憑《つ》かれたように
3089,受動的に,じどうてきに,受動的《じゅどうてき》に
3090,口を使って,くちをつかて,口《くち》を使《つか》って
3091,口述で,こうじつでで,口述《こうじゅつ》で《口頭で》
3092,古典的に,こてんてきに,古典的《こてんてき》に
3093,可逆的に,かぎくてきに,可逆的《かぎゃくてき》に
3094,司法上,しほうじう,司法上《しほうじょう》
3095,合法的に,ごうほうてきに,合法的《ごうほうてき》に
3096,合理的に,ごうりてきに,合理的《ごうりてき》に
3097,合計で,ごうけいで,合計《ごうけい》で
3098,同じく,おなじく,同《おな》じく
3099,同じように,おなじように,同《おな》じように
3100,同時に,どうじに,同時《どうじ》に
3101,同様に,どうように,同様《どうよう》に
3102,向かい合って,むかいあて,向《む》かい合《あ》って
3103,否定できないほど,ひていできないほど,否定《ひてい》できないほど
3104,否定的に,ひていてきに,否定的《ひていてき》に
3105,否応なしに,いやおうなしに,否応《いやおう》なしに
3106,命がけで,いのちがけで,命《いのち》がけで
3107,哀悼の意を込めて,あいとうのいをこめて,哀悼《あいとう》の意《い》を込《こ》めて
3108,品よく,ひんよく,品《ひん》よく
3109,哲学的に,てつがくてきに,哲学的《てつがくてき》に
3110,商業的に,しうぎうてきに,商業的《しょうぎょうてき》に
3111,喜んで,よろこんで,喜《よろこ》んで
3112,噂によれば,うわさによればによれば,噂《うわさ》によれば《話によれば》
3113,器用に,きように,器用《きよう》に
3114,四角に,しかくに,四角《しかく》に
3115,回避的に,かいひてきに,回避的《かいひてき》に
3116,国内で,こくないで,国内《こくない》で
3117,国際的に,こくさいてきに,国際的《こくさいてき》に
3118,圧倒的に,あとうてきに,圧倒的《あっとうてき》に
3119,地元で,じもとで,地元《じもと》で
3120,地球全体に,ちきうぜんたいに,地球全体《ちきゅうぜんたい》に
3121,地理的に,ちりてきに,地理的《ちりてき》に
3122,均等に,きんとうに,均等《きんとう》に
3123,垂直に,すいちくに,垂直《すいちょく》に
3124,型どおりに,かたどおりに,型《かた》どおりに
3125,執拗に,しつように,執拗《しつよう》に
3126,基本的に,きほんてきに,基本的《きほんてき》に
3127,堂々と,どうどうと,堂々《どうどう》と
3128,堂々巡りで,どうどうめぐりで,堂々巡《どうどうめぐ》りで
3129,堅く,かたくしかりと,堅《かた》く《しっかりと》
3130,堅く決心して,かたくけしんして,堅《かた》く決心《けっしん》して
3131,堅実に,けんじつに,堅実《けんじつ》に
3132,堅苦しく,かたくるしく,堅苦《かたくる》しく
3133,声を潜めて,こえをひそめて,声《こえ》を潜《ひそ》めて
3134,声高に,こわだかに,声高《こわだか》に
3135,変に,へんに,変《へん》に
3136,変更不可で,へんこうふかで,変更不可《へんこうふか》で
3137,外の方へ,そとのほうへ,外《そと》の方《ほう》へ
3138,外見では,がいけんでは,外見《がいけん》では
3139,外見上は,がいけんじうは,外見上《がいけんじょう》は
3140,多くても,おおくても,多《おお》くても
3141,多くの面で,おおくのめんで,多《おお》くの面《めん》で
3142,多分,たぶん,多分《たぶん》
3143,多少,たしう,多少《たしょう》
3144,多産に,たさんに,多産《たさん》に
3145,多量に,たりうに,多量《たりょう》に
3146,夢中で,むちうで,夢中《むちゅう》で
3147,夢中になって,むちうになて,夢中《むちゅう》になって
3148,大々的に,だいだいてきに,大々的《だいだいてき》に
3149,大いに,おおいに,大《おお》いに
3150,大げさに,おおげさに,大《おお》げさに
3151,大ざっぱに,おおざぱに,大《おお》ざっぱに
3152,大事そうに,だいじそうに,大事《だいじ》そうに
3153,大体,だいたい,大体《だいたい》
3154,大幅に,おおはばに,大幅《おおはば》に
3155,大抵は,たいていは,大抵《たいてい》は
3156,大胆に,だいたんに,大胆《だいたん》に
3157,大規模に,だいきぼに,大規模《だいきぼ》に
3158,大部分は,だいぶぶんは,大部分《だいぶぶん》は
3159,大量に,たいりうに,大量《たいりょう》に
3160,大騒動で,おおそうどうで,大騒動《おおそうどう》で
3161,天然のままに,てんねんのままに,天然《てんねん》のままに
3162,天狗になって,てんぐになて,天狗《てんぐ》になって
3163,天真爛漫に,てんしんらんまんに,天真爛漫《てんしんらんまん》に
3164,失望して,しつぼうして,失望《しつぼう》して
3165,失礼に,しつれいに,失礼《しつれい》に
3166,奇妙なことに,きみうなことに,奇妙《きみょう》なことに
3167,奇妙に,きみうにも,奇妙《きみょう》に《も》
3168,奇数に,きすうに,奇数《きすう》に
3169,奇跡的に,きせきてきに,奇跡的《きせきてき》に
3170,奥ゆかしく,おくゆかしく,奥《おく》ゆかしく
3171,好意的に,こういてきに,好意的《こういてき》に
3172,好都合に,こうつごうに,好都合《こうつごう》に
3173,妙に,みうに,妙《みょう》に
3174,威厳を持って,いげんをもて,威厳《いげん》を持《も》って
3175,威張って,がんばて,威張《がんば》って
3176,嫌々ながら,いやいやながら,嫌々《いやいや》ながら
3177,嬉しそうに,うれしそうに,嬉《うれ》しそうに
3178,子供っぽく,こどもぽく,子供《こども》っぽく
3179,季節的に,きせつてきに,季節的《きせつてき》に
3180,学術的に,がくじつてきに,学術的《がくじゅつてき》に
3181,守勢で,しせいで,守勢《しゅせい》で
3182,安く,やすく,安《やす》く
3183,安らかに,やすらかに,安《やす》らかに
3184,安価で,あんかで,安価《あんか》で
3185,安全に,あんぜんに,安全《あんぜん》に
3186,安心して,あんしんして,安心《あんしん》して
3187,完全に,かんぜんに,完全《かんぜん》に
3188,完璧に,かんぺきに,完璧《かんぺき》に
3189,定期的に,ていきてきに,定期的《ていきてき》に
3190,実り豊かに,みのりゆたかに,実《みの》り豊《ゆた》かに
3191,実質的に,じしつてきに,実質的《じっしつてき》に
3192,実際,じさい,実際《じっさい》
3193,実際には,じさいには,実際《じっさい》には
3194,客観的に,きかんてきに,客観的《きゃっかんてき》に
3195,家庭内で,かていないで,家庭《かてい》内《ない》で
3196,家庭内で,かていないで,家庭内《かていない》で
3197,容易に,よういに,容易《ようい》に
3198,容赦なく,ようしなく,容赦《ようしゃ》なく
3199,宿命的に,しくめいてきに,宿命的《しゅくめいてき》に
3200,寄せ付けないで,よせつけないで,寄《よ》せ付《つ》けないで
3201,密かに,ひそかに,密《ひそ》かに
3202,密に,みつに,密《みつ》に
3203,寛大に,かんだいに,寛大《かんだい》に
3204,対抗心を持って,たいこうしんをもて,対抗心《たいこうしん》を持《も》って
3205,専門的に,せんもんてきに,専門的《せんもんてき》に
3206,将来的に,しうらいてきに,将来的《しょうらいてき》に
3207,尊大に,そんだいに,尊大《そんだい》に
3208,小声で,こごえでいで,小声《こごえ》で《低い声で》
3209,少々,しうしう,少々《しょうしょう》
3210,少なくても,すくなくても,少《すく》なくても
3211,少し,すこし,少《すこ》し
3212,局所的に,きくしてきに,局所的《きょくしょてき》に
3213,居心地悪く,いごこちわるく,居心地悪《いごこちわる》く
3214,工業的に,こうぎうてきに,工業的《こうぎょうてき》に
3215,左右対称に,さゆうたいしうに,左右対称《さゆうたいしょう》に
3216,巧妙に,こうみうに,巧妙《こうみょう》に
3217,差別的に,さべつてきに,差別的《さべつてき》に
3218,希望を持って,きぼうをもて,希望《きぼう》を持《も》って
3219,常に,つねに,常《つね》に
3220,常時,じうじ,常時《じょうじ》
3221,平らに,たいらに,平《たい》らに
3222,平和に,へいわに,平和《へいわ》に
3223,平気で,へいきで,平気《へいき》で
3224,平然と,へいぜんと,平然《へいぜん》と
3225,平等に,びうどうに,平等《びょうどう》に
3226,幸せに,しあわせに,幸《しあわ》せに
3227,幸運にも,こううんにも,幸運《こううん》にも
3228,幾分,いくぶん,幾分《いくぶん》
3229,広い心で,ひろいこころで,広《ひろ》い心《こころ》で
3230,広く,ひろく,広《ひろ》く
3231,広く,ひろく,広《ひろ》く《幅》
3232,広範に,こうはんに,広範《こうはん》に
3233,広範囲に,こうはんいに,広範囲《こうはんい》に
3234,度々,たびたび,度々《たびたび》
3235,延々と,えんえんと,延々《えんえん》と
3236,弁解がましく,べんかいがましく,弁解《べんかい》がましく
3237,引き続き,ひきつづき,引《ひ》き続《つづ》き
3238,弱々しく,よわよわしく,弱々《よわよわ》しく
3239,強く,つよく,強《つよ》く
3240,強く,つよく,強《つよ》く《推薦》
3241,強固に,きうこに,強固《きょうこ》に
3242,強情に,ごうじうに,強情《ごうじょう》に
3243,当てもなく,あてもなく,当《あ》てもなく
3244,当初は,とうしは,当初《とうしょ》は
3245,当惑して,とうわくして,当惑《とうわく》して
3246,当惑して,とうわくしてて,当惑《とうわく》して《困って》
3247,当然,とうぜん,当然《とうぜん》
3248,形式上,けいしきじう,形式上《けいしきじょう》
3249,形式張らずに,けいしきばらずに,形式張《けいしきば》らずに
3250,役に立つように,やくにたつように,役《やく》に立《た》つように
3251,役立つように,やくだつように,役立《やくだ》つように
3252,彼ひとりで,かれひとりで,彼《かれ》ひとりで
3253,彼らだけで,かれらだけで,彼《かれ》らだけで
3254,彼女たちだけで,かのじたちだけで,彼女《かのじょ》たちだけで
3255,彼女ひとりで,かのじひとりで,彼女《かのじょ》ひとりで
3256,待ちきれず,まちきれず,待《ま》ちきれず
3257,後ろへ,うしろへ,後《うし》ろへ
3258,後悔して,こうかいして,後悔《こうかい》して
3259,後方へ,こうほうへ,後方《こうほう》へ
3260,徐々に,じじに,徐々《じょじょ》に
3261,従って,したがて,従《したが》って
3262,従順に,じうじんに,従順《じゅうじゅん》に
3263,得意に,とくいに,得意《とくい》に
3264,得意になって,とくいになて,得意《とくい》になって
3265,御存知の通り,ごぞんじのとおり,御存知《ごぞんじ》の通《とお》り
3266,微妙に,びみうに,微妙《びみょう》に
3267,徹底的に,てていてきに,徹底的《てっていてき》に
3268,心から,こころから,心《こころ》から
3269,心では,こころでは,心《こころ》では
3270,心のなかで,こころのなかで,心《こころ》のなかで
3271,心ゆくまで,こころゆくまで,心《こころ》ゆくまで
3272,心地よく,ここちよく,心地《ここち》よく
3273,心温かく,こころあたたかかく,心温《こころあたたか》かく
3274,心理的に,しんりがくてきに,心理的《しんりがくてき》に
3275,必ず,かならず,必《かなら》ず
3276,必死に,ひしに,必死《ひっし》に
3277,必然的に,ひつぜんてきに,必然的《ひつぜんてき》に
3278,忘れられないほど,わすれられないほど,忘《わす》れられないほど
3279,快く,こころよく,快《こころよ》く
3280,快活に,かいかつに,快活《かいかつ》に
3281,快適に,かいてきに,快適《かいてき》に
3282,念入りに,ねんいりに,念入《ねんい》りに
3283,念入りに,ねんいりに,念入《ねんい》りに《思想》
3284,怒って,おこて,怒《おこ》って
3285,思いやりなく,おもいやりなく,思《おも》いやりなく
3286,思いやりを持って,おもいやりをもて,思《おも》いやりを持《も》って
3287,思い上がって,おもいあがて,思《おも》い上《あ》がって
3288,思ったように,おもたように,思《おも》ったように
3289,思わず,おもわず,思《おも》わず
3290,急いで,いそいで,急《いそ》いで
3291,急速に,きうそくに,急速《きゅうそく》に
3292,急進的に,きうしんてきに,急進的《きゅうしんてき》に
3293,恐らく,おそらく,恐《おそ》らく
3294,恐ろしく,おそろしく,恐《おそ》ろしく
3295,恥ずかしくなるほど,はずかしくなるほど,恥《は》ずかしくなるほど
3296,恥ずかしげもなく,はずかしげもなく,恥《は》ずかしげもなく
3297,恥ずかしそうに,はずかしそうに,恥《は》ずかしそうに
3298,恩着せがましく,おんきせがましく,恩着《おんき》せがましく
3299,息を切らして,いきをきらして,息《いき》を切《き》らして
3300,悔やんで,くやんで,悔《く》やんで
3301,悲しそうに,かなしそうに,悲《かな》しそうに
3302,悲惨に,ひさんに,悲惨《ひさん》に
3303,悲観的に,ひかんてきに,悲観的《ひかんてき》に
3304,情け容赦なく,なさけようしなく,情《なさ》け容赦《ようしゃ》なく
3305,惜しがって,おしがて,惜《お》しがって
3306,惨めに,みじめに,惨《みじ》めに
3307,想像を絶するほど,そうぞうをぜするほど,想像《そうぞう》を絶《ぜっ》するほど
3308,想像力を使って,そうぞうりくをつかて,想像力《そうぞうりょく》を使《つか》って
3309,愉快に,ゆかいに,愉快《ゆかい》に
3310,意味ありげに,いみありげに,意味《いみ》ありげに
3311,意図的に,いとてきに,意図的《いとてき》に
3312,意地悪く,いじわるく,意地悪《いじわる》く
3313,意外にも,いがいにも,意外《いがい》にも
3314,意気揚々と,いきようようと,意気揚々《いきようよう》と
3315,意気込んで,いきごんで,意気込《いきご》んで
3316,意表を突いて,いひうをついて,意表《いひょう》を突《つ》いて
3317,意識的に,いしきてきに,意識的《いしきてき》に
3318,愚かに,おろかに,愚《おろ》かに
3319,愛想よく,あいそよく,愛想《あいそ》よく
3320,感傷的に,かんしうてきに,感傷的《かんしょうてき》に
3321,感情的に,かんじうてきに,感情的《かんじょうてき》に
3322,感謝しているように,かんししているように,感謝《かんしゃ》しているように
3323,慌てて,あわてて,慌《あわ》てて
3324,慌てふためいて,あわてふためいて,慌《あわ》てふためいて
3325,慎重に,しんちうに,慎重《しんちょう》に
3326,慢性的に,まんせいてきに,慢性的《まんせいてき》に
3327,慣例に従って,かんれいにしたがて,慣例《かんれい》に従《したが》って
3328,慣例的てきに,かんれいかんしうてきに,慣例《慣習》的《かんれい《かんしゅう》てき》に
3329,憤って,いきどおて,憤《いきどお》って
3330,憤然としてして,ふんぜんとしてふんがいして,憤然《ふんぜん》として《憤慨《ふんがい》して》
3331,我慢できずに,がまんできずに,我慢《がまん》できずに
3332,戦力的に,せんりくてきに,戦力的《せんりょくてき》に
3333,手作業で,てさぎうで,手作業《てさぎょう》で
3334,手当たり次第に,てあたりしだいに,手当《てあ》たり次第《しだい》に
3335,手短に,てみじかに,手短《てみじか》に
3336,手術後に,しじつごに,手術後《しゅじゅつご》に
3337,打ち解けて,うちとけて,打《う》ち解《と》けて
3338,批判的に,ひはんてきに,批判的《ひはんてき》に
3339,技術的に,ぎじつてきに,技術的《ぎじゅつてき》に
3340,抑えきれずに,おさえきれずに,抑《おさ》えきれずに
3341,抑制できずに,よくせいできずに,抑制《よくせい》できずに
3342,抜きん出て,ぬきんでて,抜《ぬ》きん出《で》て
3343,抜け目なく,ぬけめなく,抜《ぬ》け目《め》なく
3344,押し付けがましく,おしつけがましく,押《お》し付《つ》けがましく
3345,持続的に,じぞくてきに,持続的《じぞくてき》に
3346,挙動不審に,きどうふしんに,挙動不審《きょどうふしん》に
3347,排他的に,はいたてきに,排他的《はいたてき》に
3348,接近して,せきんして,接近《せっきん》して
3349,控えめに,ひかえめに,控《ひか》えめに
3350,推定では,すいていでは,推定《すいてい》では
3351,改めて,あらためて,改《あらた》めて
3352,攻撃的に,こうげきてきに,攻撃的《こうげきてき》に
3353,政治的に,せいじてきに,政治的《せいじてき》に
3354,故意に,こいに,故意《こい》に
3355,敏感に,びんかんに,敏感《びんかん》に
3356,敏速に,びんそくに,敏速《びんそく》に
3357,教育的に,きういくてきに,教育的《きょういくてき》に
3358,敬意を表して,けいいをひうして,敬意《けいい》を表《ひょう》して
3359,数字で,すうじで,数字《すうじ》で
3360,数字として,すうじとしてに,数字《すうじ》として《数値的に》
3361,数学的に,すうがくてきに,数学的《すうがくてき》に
3362,整然と,せいぜんと,整然《せいぜん》と
3363,文化的に,ぶんかてきに,文化的《ぶんかてき》に
3364,文字通りに,もじどおりに,文字通《もじどお》りに
3365,文法的に,ぶんぽうてきに,文法的《ぶんぽうてき》に
3366,斜めに,ななめに,斜《なな》めに
3367,斬新的に,ざんしんてきに,斬新的《ざんしんてき》に
3368,断固として,だんことして,断固《だんこ》として
3369,断定的に,だんていてきに,断定的《だんていてき》に
3370,新鮮に,しんせんに,新鮮《しんせん》に
3371,早い段階で,はやいだんかいで,早《はや》い段階《だんかい》で
3372,早く,はやく,早《はや》く
3373,明るく,あかるく,明《あか》るく
3374,明らかに,あきらかに,明《あき》らかに
3375,明白に,めいはくにに,明白《めいはく》に《明瞭に》
3376,明確に,めいかくに,明確《めいかく》に
3377,時間をかけて,じかんをかけて,時間《じかん》をかけて
3378,時間内に,じかんないに,時間内《じかんない》に
3379,時間通りに,じかんどおりに,時間通《じかんどお》りに
3380,普段は,ふだんは,普段《ふだん》は
3381,普通に,ふつうに,普通《ふつう》に
3382,普遍的に,ふへんてきに,普遍的《ふへんてき》に
3383,暖かく,あたたかく,暖《あたた》かく
3384,暗に,あんに,暗《あん》に
3385,暫定的に,ざんていてきに,暫定的《ざんていてき》に
3386,曖昧に,あいまいに,曖昧《あいまい》に
3387,更に良く,さらによく,更《さら》に良《よ》く
3388,替わりに,かわりに,替《か》わりに
3389,最初に,さいしには,最初《さいしょ》に《は》
3390,最大で,さいだいで,最大《さいだい》で
3391,最後に,さいごに,最後《さいご》に
3392,有効に,ゆうこうに,有効《ゆうこう》に
3393,有害に,ゆうがいに,有害《ゆうがい》に
3394,有意義に,ゆういぎに,有意義《ゆういぎ》に
3395,有無を言わせず,うむをいわせず,有無《うむ》を言《い》わせず
3396,有益に,ゆうえきに,有益《ゆうえき》に
3397,朗らかに,ほがらかに,朗《ほが》らかに
3398,望ましく,のぞましく,望《のぞ》ましく
3399,望ましくは,のぞましくは,望《のぞ》ましくは
3400,本当に,ほんとうに,本当《ほんとう》に
3401,本当は,ほんとうは,本当《ほんとう》は
3402,本来,ほんらい,本来《ほんらい》
3403,本能的に,ほんのうてきにで,本能的《ほんのうてき》に《本能で》
3404,本質的に,ほんしつてきに,本質的《ほんしつてき》に
3405,本音で,ほんねで,本音《ほんね》で
3406,束縛されずに,そくばくされずに,束縛《そくばく》されずに
3407,果敢に,かかんに,果敢《かかん》に
3408,柔軟に,じうなんに,柔軟《じゅうなん》に
3409,栄養的に,えいようてきに,栄養的《えいようてき》に
3410,根本的に,こんぽんてきに,根本的《こんぽんてき》に
3411,根気よく,こんきよく,根気《こんき》よく
3412,案の定,あんのじう,案《あん》の定《じょう》
3413,極めて,きわめて,極《きわ》めて
3414,極めて重要で,きわめてじうようで,極《きわ》めて重要《じゅうよう》で
3415,極端に,きくたんに,極端《きょくたん》に
3416,楽しく,たのしく,楽《たの》しく
3417,楽しげに,たのしげに,楽《たの》しげに
3418,楽しんでいるように,たのしんでいるように,楽《たの》しんでいるように
3419,楽に,らくに,楽《らく》に
3420,楽観的に,らかんてきに,楽観的《らっかんてき》に
3421,概して,がいして,概《がい》して
3422,標準的に,ひうじんてきに,標準的《ひょうじゅんてき》に
3423,横方向に,よこほうこうに,横方向《よこほうこう》に
3424,横柄に,おうへいに,横柄《おうへい》に
3425,機敏に,きびんに,機敏《きびん》に
3426,機能的に,きのうてきに,機能的《きのうてき》に
3427,次に,つぎに,次《つぎ》に
3428,次第に,しだいに,次第《しだい》に
3429,欲張って,よくばて,欲張《よくば》って
3430,正しく,ただしく,正《ただ》しく
3431,正常に,せいじうに,正常《せいじょう》に
3432,正式に,せいしきに,正式《せいしき》に
3433,正気で,しうきで,正気《しょうき》で
3434,正直に,しうじきに,正直《しょうじき》に
3435,正真正銘,しうしんしうめい,正真正銘《しょうしんしょうめい》
3436,正確に,せいかくに,正確《せいかく》に
3437,正面から,しうめんから,正面《しょうめん》から
3438,歴史的に見て,れきしてきにみて,歴史的《れきしてき》に見《み》て
3439,殆ど～ない,ほとんどないしない,殆《ほとん》ど～ない《しない》
3440,残忍なやり方で,ざんにんなやりかたで,残忍《ざんにん》なやり方《かた》で
3441,残念そうに,ざんねんそうに,残念《ざんねん》そうに
3442,残念ながら,ざんねんながら,残念《ざんねん》ながら
3443,残酷に,ざんこくに,残酷《ざんこく》に
3444,段々と,だんだんと,段々《だんだん》と
3445,毅然と,きぜんと,毅然《きぜん》と
3446,比例的に,ひれいてきに,比例的《ひれいてき》に
3447,比較的,ひかくてき,比較的《ひかくてき》
3448,比類なく,ひるいなく,比類《ひるい》なく
3449,気さくに,きさくに,気《き》さくに
3450,気まぐれに,きまぐれに,気《き》まぐれに
3451,気をそそるように,きをそそるように,気《き》をそそるように
3452,気乗りせず,きのりせず,気乗《きの》りせず
3453,気付かれないように,きづかれないように,気付《きづ》かれないように
3454,気前よく,きまえよく,気前《きまえ》よく
3455,気取って,きどて,気取《きど》って
3456,気味悪く,きみわるく,気味悪《きみわる》く
3457,気軽に,きがるに,気軽《きがる》に
3458,気違いじみて,きちがいじみて,気違《きちが》いじみて
3459,気長に,きながに,気長《きなが》に
3460,水平に,すいへいに,水平《すいへい》に
3461,永遠に,えいえんに,永遠《えいえん》に
3462,決定的に,けていてきに,決定的《けっていてき》に
3463,決断力をもって,けつだんりくをもて,決断力《けつだんりょく》をもって
3464,注意深く,ちういぶかく,注意深《ちゅういぶか》く
3465,活発に,かぱつに,活発《かっぱつ》に
3466,派手に,はでに,派手《はで》に
3467,流暢に,りうちうに,流暢《りゅうちょう》に
3468,浅く,あさく,浅《あさ》く
3469,海外に,かいがいにで,海外《かいがい》に《で》
3470,消えないように,きえないように,消《き》えないように
3471,消極的に,しうきくてきに,消極的《しょうきょくてき》に
3472,涼しく,すずしく,涼《すず》しく
3473,深く,ふかく,深《ふか》く
3474,深く,ふかく,深《ふか》く《思考》
3475,深刻に,しんこくに,深刻《しんこく》に
3476,温かく,あたたかくが,温《あたた》かく《態度が》
3477,満足して,まんぞくして,満足《まんぞく》して
3478,滑らかに,なめらかに,滑《なめ》らかに
3479,滑稽に,こけいに,滑稽《こっけい》に
3480,漠然と,ばくぜんと,漠然《ばくぜん》と
3481,潜在的に,せんざいてきに,潜在的《せんざいてき》に
3482,潜在的に,せんざいてきにに,潜在的《せんざいてき》に《無意識に》
3483,激しく,はげしく,激《はげ》しく
3484,激しく,はげしくみ,激《はげ》しく《痛み・感情・感覚・意識》
3485,無作為に,むさくいに,無作為《むさくい》に
3486,無分別に,むふんべつに,無分別《むふんべつ》に
3487,無制限に,むせいげんに,無制限《むせいげん》に
3488,無害に,むがいに,無害《むがい》に
3489,無情に,むじうに,無情《むじょう》に
3490,無意味な方法で,むいみなほうほうで,無意味《むいみ》な方法《ほうほう》で
3491,無意識に,むいしきに,無意識《むいしき》に
3492,無意識のうちに,むいしきのうちに,無意識《むいしき》のうちに
3493,無愛想に,ぶあいそうに,無愛想《ぶあいそう》に
3494,無感心に,むかんしんに,無感心《むかんしん》に
3495,無我夢中で,むがむちうで,無我夢中《むがむちゅう》で
3496,無期限に,むきげんに,無期限《むきげん》に
3497,無知で,むちで,無知《むち》で
3498,無礼に,ぶれいに,無礼《ぶれい》に
3499,無神経に,むしんけいに,無神経《むしんけい》に
3500,無謀にも,むぼうにも,無謀《むぼう》にも
3501,無遠慮に,むえんりに,無遠慮《むえんりょ》に
3502,無邪気に,むじきに,無邪気《むじゃき》に
3503,無限に,むげんに,無限《むげん》に
3504,無頓着に,むとんちくに,無頓着《むとんちゃく》に
3505,無駄に,むだに,無駄《むだ》に
3506,無駄遣いをして,むだづかいをして,無駄遣《むだづか》いをして
3507,煮え切らないで,にえきらないで,煮《に》え切《き》らないで
3508,熟慮して,じくりして,熟慮《じゅくりょ》して
3509,熱心に,ねしんに,熱心《ねっしん》に
3510,熱狂して,ねきうして,熱狂《ねっきょう》して
3511,熱狂的に,ねきうてきに,熱狂的《ねっきょうてき》に
3512,爽やかに,さわやかに,爽《さわ》やかに
3513,爽快に,そうかいに,爽快《そうかい》に
3514,特に,とくに,特《とく》に
3515,特徴的に,とくちうてきに,特徴的《とくちょうてき》に
3516,特異的に,とくいてきに,特異的《とくいてき》に
3517,状況に応じて,じうきうにおうじて,状況《じょうきょう》に応《おう》じて
3518,状況的に,じうきうてきに,状況的《じょうきょうてき》に
3519,狂ったように,くるたように,狂《くる》ったように
3520,狂乱的に,きうらんてきに,狂乱的《きょうらんてき》に
3521,独創的に,どくそうてきに,独創的《どくそうてき》に
3522,独力で,どくりくで,独力《どくりょく》で
3523,独占的に,どくせんてきに,独占的《どくせんてき》に
3524,独特に,どくとくに,独特《どくとく》に
3525,独立して,どくりつして,独立《どくりつ》して
3526,率直に,そちくに,率直《そっちょく》に
3527,現代的に,げんだいてきに,現代的《げんだいてき》に
3528,現在は,げんざいは,現在《げんざい》は
3529,現実的に,げんじつてきに,現実的《げんじつてき》に
3530,理性をもって,りせいをもて,理性《りせい》をもって
3531,理性的に,りせいてきに,理性的《りせいてき》に
3532,理解を示して,りかいをしめして,理解《りかい》を示《しめ》して
3533,環境的に,かんきうてきに,環境的《かんきょうてき》に
3534,生き生きと,いきいきと,生《い》き生《い》きと
3535,生物学的に,せいぶつがくてきに,生物学的《せいぶつがくてき》に
3536,生産的に,せいさんてきに,生産的《せいさんてき》に
3537,産業的に,さんぎうてきに,産業的《さんぎょうてき》に
3538,申し立てによると,もうしたてによると,申《もう》し立《た》てによると
3539,申し訳なさそうな態度で,もうしわけなさそうなたいどで,申《もう》し訳《わけ》なさそうな態度《たいど》で
3540,申し訳なさそうに,もうしわけなさそうに,申《もう》し訳《わけ》なさそうに
3541,異常なほど,いじうなほど,異常《いじょう》なほど
3542,異常に,いじうに,異常《いじょう》に
3543,疑いなく,うたがいなく,疑《うたが》いなく
3544,疑い深く,うたがいぶかく,疑《うたが》い深《ぶか》く
3545,疲れて,つかれて,疲《つか》れて
3546,痛々しく,いたいたしく,痛々《いたいた》しく
3547,痛ましいほどに,いたましいほどに,痛《いた》ましいほどに
3548,痛切に,つうせつに,痛切《つうせつ》に
3549,発泡して,はぽうして,発泡《はっぽう》して
3550,発熱して,はつねつして,発熱《はつねつ》して
3551,発狂して,はきうして,発狂《はっきょう》して
3552,的外れで,まとはずれで,的外《まとはず》れで
3553,的確に,てきかくに,的確《てきかく》に
3554,皮肉にも,ひにくにも,皮肉《ひにく》にも
3555,目下,もか,目下《もっか》
3556,目立って,めだて,目立《めだ》って
3557,直ちに[準備されて],ただちにじんびされて,直《ただ》ちに[準備《じゅんび》されて]
3558,直感的に,ちかんてきに,直感的《ちょっかんてき》に
3559,直接,ちくせつ,直接《ちょくせつ》
3560,直接会って,ちくせつあて,直接会《ちょくせつあ》って
3561,相変わらず,あいかわらず,相変《あいか》わらず
3562,相当,そうとう,相当《そうとう》
3563,真っ向から,まこうから,真《ま》っ向《こう》から
3564,真っ直ぐ,ますぐ,真《ま》っ直《す》ぐ
3565,真剣に,しんけんに,真剣《しんけん》に
3566,真心を込めて,まごころをこめて,真心《まごころ》を込《こ》めて
3567,真面目に,まじめに,真面目《まじめ》に
3568,着実に,ちくじつに,着実《ちゃくじつ》に
3569,矛盾なく,むじんなく,矛盾《むじゅん》なく
3570,知らず知らずに,しらずしらずに,知《し》らず知《し》らずに
3571,知的に,ちてきに,知的《ちてき》に
3572,破壊的に,はかいてきに,破壊的《はかいてき》に
3573,確かに,たしかに,確《たし》かに
3574,礼儀正しく,れいぎただしく,礼儀正《れいぎただ》しく
3575,社交的に,しこうてきに,社交的《しゃこうてき》に
3576,私たちだけで,わたしたちだけで,私《わたし》たちだけで
3577,私の意見では,わたしのいけんでは,私《わたし》の意見《いけん》では
3578,私の目から見ると,わたしのめからみると,私《わたし》の目《め》から見《み》ると
3579,私ひとりで,わたしひとりで,私《わたし》ひとりで
3580,私欲を捨てて,しよくをすてて,私欲《しよく》を捨《す》てて
3581,私的に,してきに,私的《してき》に
3582,積極的に,せきくてきに,積極的《せっきょくてき》に
3583,穏やかに,おだやかに,穏《おだ》やかに
3584,穏便に,おんびんに,穏便《おんびん》に
3585,究極的に,きうきくてきに,究極的《きゅうきょくてき》に
3586,突然,とつぜん,突然《とつぜん》
3587,窮屈に,きうくつにく,窮屈《きゅうくつ》に《狭く》
3588,立派に,りぱに,立派《りっぱ》に
3589,競争的に,きうそうてきに,競争的《きょうそうてき》に
3590,第一に,だいいちに,第一《だいいち》に
3591,第二に,だいにに,第二《だいに》に
3592,筋道を立てて,すじみちをたてて,筋道《すじみち》を立《た》てて
3593,簡単に,かんたんに,簡単《かんたん》に
3594,簡潔に,かんけつに,簡潔《かんけつ》に
3595,粋な方法で,いきなほうほうで,粋《いき》な方法《ほうほう》で
3596,粋に,いきに,粋《いき》に
3597,精力的に,せいりくてきに,精力的《せいりょくてき》に
3598,精巧に,せいこうに,精巧《せいこう》に
3599,精神的に,せいしんてきに,精神的《せいしんてき》に
3600,系統的に,けいとうてきに,系統的《けいとうてき》に
3601,納得のいくように,なとくのいくように,納得《なっとく》のいくように
3602,紛らわしく,まぎらわしく,紛《まぎ》らわしく
3603,紛れもなく,まぎれもなく,紛《まぎ》れもなく
3604,素早く,すばやく,素早《すばや》く
3605,素晴らしく,すばらしく,素晴《すば》らしく
3606,素直に,すなおに,素直《すなお》に
3607,細かく,こまかく,細《こま》かく
3608,細く,ほそく,細《ほそ》く
3609,細心の注意を払って,さいしんのちういをはらて,細心《さいしん》の注意《ちゅうい》を払《はら》って
3610,細部に渡り,さいぶにわたり,細部《さいぶ》に渡《わた》り
3611,紳士らしく,しんしらしく,紳士《しんし》らしく
3612,組織的に,そしきてきに,組織的《そしきてき》に
3613,経口で,けいこうで,経口《けいこう》で
3614,経済に関して,けいざいにかんして,経済《けいざい》《学》に関《かん》して
3615,経済的に,けいざいてきに,経済的《けいざいてき》に
3616,結局,けきく,結局《けっきょく》
3617,結局のところ,けきくのところ,結局《けっきょく》のところ
3618,結局は,けきくは,結局《けっきょく》は
3619,結果として,けかとして,結果《けっか》として
3620,統計的に,とうけいてきに,統計的《とうけいてき》に
3621,絶えず,たえず,絶《た》えず
3622,絶対に,ぜたいに,絶対《ぜったい》に
3623,絶対的に,ぜたいてきに,絶対的《ぜったいてき》に
3624,継続的に,けいぞくてきに,継続的《けいぞくてき》に
3625,続く,つづくいてこる,続《つづ》く《続いて起こる》
3626,緊張を引き起こして,きんちうすとれすをひきおこして,緊張《きんちょう》《ストレス》を引《ひ》き起《お》こして
3627,総合的に,そうごうてきに,総合的《そうごうてき》に
3628,締めくくりに,しめくくりに,締《し》めくくりに
3629,緩やかに,ゆるやかに,緩《ゆる》やかに
3630,緻密に,ちみつに,緻密《ちみつ》に
3631,繰り返して,くりかえして,繰《く》り返《かえ》して
3632,美しい音で,うつくしいおとで,美《うつく》しい音《おと》で
3633,美しく,うつくしく,美《うつく》しく
3634,習慣的に,しうかんてきに,習慣的《しゅうかんてき》に
3635,考え込んで,かんがえこんで,考《かんが》え込《こ》んで
3636,職業上,しくぎうじう,職業上《しょくぎょうじょう》
3637,肉体的に,にくたいてきに,肉体的《にくたいてき》に
3638,肯定的に,こうていてきに,肯定的《こうていてき》に
3639,胸を張って,むねをはて,胸《むね》を張《は》って
3640,能率よく,のうりつよく,能率《のうりつ》よく
3641,臆病に,おくびうに,臆病《おくびょう》に
3642,臨床的に,りんしうてきに,臨床的《りんしょうてき》に
3643,自ら,みずから,自《みずか》ら
3644,自ら進んで,みずからすすんで,自《みずか》ら進《すす》んで
3645,自信を持って,じしんをもて,自信《じしん》を持《も》って
3646,自分の目で,じぶんのめで,自分《じぶん》の目《め》で
3647,自分本位に,じぶんほんいに,自分本位《じぶんほんい》に
3648,自動的に,じどうてきに,自動的《じどうてき》に
3649,自慢して,じまんして,自慢《じまん》して
3650,自然と,しぜんと,自然《しぜん》と
3651,自然に,しぜんに,自然《しぜん》に
3652,自由に,じゆうに,自由《じゆう》に
3653,自由意志によって,じゆういしによて,自由意志《じゆういし》によって
3654,自発的に,じはつてきに,自発的《じはつてき》に
3655,致命的に,ちめいてきに,致命的《ちめいてき》に
3656,興味深く,きうみぶかく,興味深《きょうみぶか》く
3657,興奮して,こうふんして,興奮《こうふん》して
3658,色彩豊かに,しきさいゆたかに,色彩豊《しきさいゆた》かに
3659,色鮮やかに,いろあざやかに,色鮮《いろあざ》やかに
3660,艶やかに,あでやかに,艶《あで》やかに
3661,艶かしく,なめまかしく,艶《なめま》かしく
3662,芸術的に,げいじつてきに,芸術的《げいじゅつてき》に
3663,苦もなく,くもなく,苦《く》もなく
3664,苦しげに,くるしげに,苦《くる》しげに
3665,苦しそうに,くるしそうに,苦《くる》しそうに
3666,苦し紛れに,くるしまぎれに,苦《くる》し紛《まぎ》れに
3667,華やかに,はなやかに,華《はな》やかに
3668,落ち着いて,おちついて,落《お》ち着《つ》いて
3669,落ち着きなく,おちつきなく,落《お》ち着《つ》きなく
3670,落胆して,らくたんして,落胆《らくたん》して
3671,著しく,いちじるしく,著《いちじる》しく
3672,著しく,いちじるしくて,著《いちじる》しく《目立って》
3673,蔑んで,さげすんで,蔑《さげす》んで
3674,薄く,うすく,薄《うす》く
3675,薄気味悪く,うすきみわるく,薄気味悪《うすきみわる》く
3676,行儀よく,ぎうぎよく,行儀《ぎょうぎ》よく
3677,表現できないほど,ひうげんできないほど,表現《ひょうげん》できないほど
3678,表面的に,ひうめんてきに,表面的《ひょうめんてき》に
3679,裏切って,うらぎて,裏切《うらぎ》って
3680,複雑に,ふくざつに,複雑《ふくざつ》に
3681,見下すように,みくだすように,見下《みくだ》すように
3682,見事に,みごとに,見事《みごと》に
3683,見境なく,みさかいなく,見境《みさかい》なく
3684,見当違いで,けんとうちがいで,見当違《けんとうちが》いで
3685,見栄を張って,みえをはて,見栄《みえ》を張《は》って
3686,視覚的に,しかくてきに,視覚的《しかくてき》に
3687,親しみを込めて,したしみをこめて,親《した》しみを込《こ》めて
3688,親切に,しんせつに,親切《しんせつ》に
3689,観念的に,かんねんてきに,観念的《かんねんてき》に
3690,言うまでもなく,いうまでもなく,言《い》うまでもなく
3691,言葉に表せないほど,ことばにあらわせないほど,言葉《ことば》に表《あらわ》せないほど
3692,言葉を濁して,ことばをにごして,言葉《ことば》を濁《にご》して
3693,言語学的に,げんごがくてきに,言語学的《げんごがくてき》に
3694,計算上,けいさんじう,計算上《けいさんじょう》
3695,詐欺的に,さぎてきに,詐欺的《さぎてき》に
3696,試しに,ためしに,試《ため》しに
3697,話によれば,はなしによればによれば,話《はなし》によれば《噂によれば》
3698,詳細に,しうさいに,詳細《しょうさい》に
3699,誇らしげに,ほこらしげに,誇《ほこ》らしげに
3700,誇張して,こちうして,誇張《こちょう》して
3701,誠実に,せいじつに,誠実《せいじつ》に
3702,誤って,あやまて,誤《あやま》って
3703,説得力を持って,せとくりくをもて,説得力《せっとくりょく》を持《も》って
3704,調子に乗って,ちうしにのて,調子《ちょうし》に乗《の》って
3705,論理的に,ろんりてきに,論理的《ろんりてき》に
3706,謙虚に,けんきに,謙虚《けんきょ》に
3707,謙遜して,けんそんして,謙遜《けんそん》して
3708,謹んで,つつしんで,謹《つつし》んで
3709,豊かに,ゆたかに,豊《ゆた》かに
3710,豊富に,ほうふに,豊富《ほうふ》に
3711,財政的に,ざいせいてきに,財政的《ざいせいてき》に
3712,賢く,かしこく,賢《かしこ》く
3713,質的に,しつてきに,質的《しつてき》に
3714,質素に,しそに,質素《しっそ》に
3715,趣味深く,しみぶかく,趣味深《しゅみぶか》く
3716,身体上,しんたいじう,身体上《しんたいじょう》
3717,身勝手に,みがてに,身勝手《みがって》に
3718,軍を抜いて,ぐんをぬいて,軍《ぐん》を抜《ぬ》いて
3719,軽々と,かるがると,軽々《かるがる》と
3720,軽く,かるく,軽《かる》く
3721,軽やかに,かろやかに,軽《かろ》やかに
3722,軽快に,けいかいに,軽快《けいかい》に
3723,軽率に,けいそつに,軽率《けいそつ》に
3724,軽蔑して,けいべつして,軽蔑《けいべつ》して
3725,輝いて,かがやいて,輝《かがや》いて
3726,辛抱強く,しんぼうづよく,辛抱強《しんぼうづよ》く
3727,込み入って,こみいて,込《こ》み入《い》って
3728,迅速に,じんそくに,迅速《じんそく》に
3729,近くに,ちかくに,近《ちか》くに
3730,退屈な態度で,たいくつなたいどで,退屈《たいくつ》な態度《たいど》で
3731,逆に,ぎくにして,逆《ぎゃく》に《反比例して》
3732,途切れなく,とぎれなく,途切《とぎ》れなく
3733,途方もなく,とほうもなく,途方《とほう》もなく
3734,通例,つうれい,通例《つうれい》
3735,通俗的に,つうぞくてきに,通俗的《つうぞくてき》に
3736,通常,つうじう,通常《つうじょう》
3737,通常は,つうじうは,通常《つうじょう》は
3738,速やかに,すみやかに,速《すみ》やかに
3739,連続して,れんぞくして,連続《れんぞく》して
3740,連続的に,れんぞくてきに,連続的《れんぞくてき》に
3741,進んで,すすんで,進《すす》んで
3742,進化的に,しんかてきに,進化的《しんかてき》に
3743,進歩的に,しんぽてきに,進歩的《しんぽてき》に
3744,運命的に,うんめいてきに,運命的《うんめいてき》に
3745,過度に,かどに,過度《かど》に
3746,過激に,かげきに,過激《かげき》に
3747,過酷に,かこくに,過酷《かこく》に
3748,道徳的に,どうとくてきに,道徳的《どうとくてき》に
3749,違って,ちがて,違《ちが》って
3750,違法に,いほうに,違法《いほう》に
3751,遠く離れて,とおくはなれて,遠《とお》く離《はな》れて
3752,遠回しに,とおまわししに,遠回《とおまわし》しに
3753,遠慮がちに,えんりがちに,遠慮《えんりょ》がちに
3754,遠慮しないで,えんりしないで,遠慮《えんりょ》しないで
3755,適切に,てきせつに,適切《てきせつ》に
3756,適度に,てきどに,適度《てきど》に
3757,適正に,てきせいに,適正《てきせい》に
3758,遺伝的に,いでんてきに,遺伝的《いでんてき》に
3759,避けられず,さけられず,避《さ》けられず
3760,邪魔して,じまして,邪魔《じゃま》して
3761,部分的に,ぶぶんてきに,部分的《ぶぶんてき》に
3762,都合よく,つごうよく,都合《つごう》よく
3763,配慮に欠けて,はいりにかけて,配慮《はいりょ》に欠《か》けて
3764,酷評して,こくひうして,酷評《こくひょう》して
3765,重く,おもく,重《おも》く
3766,重大なことは,じうだいなことは,重大《じゅうだい》なことは
3767,重大に,じうだいに,重大《じゅうだい》に
3768,重複して,ちうふくして,重複《ちょうふく》して
3769,量的に,りうてきに,量的《りょうてき》に
3770,金銭的に,きんせんてきに,金銭的《きんせんてき》に
3771,鋭く,するどく,鋭《するど》く
3772,鋭く,するどくみ,鋭《するど》く《痛み・感情・感覚・意識》
3773,間一髪で,かんいぱつで,間一髪《かんいっぱつ》で
3774,間接的に,かんせつてきに,間接的《かんせつてき》に
3775,間欠的に,かんけつてきに,間欠的《かんけつてき》に
3776,間違いなく,まちがいなく,間違《まちが》いなく
3777,間違って,まちがて,間違《まちが》って
3778,関係が薄く,かんけいがうすく,関係《かんけい》が薄《うす》く
3779,防御的に,ぼうえいてきに,防御的《ぼうえいてき》に
3780,陽気に,よういに,陽気《ようい》に
3781,随分,ずいぶん,随分《ずいぶん》
3782,随意に,ずいいに,随意《ずいい》に
3783,際限なく,さいげんなく,際限《さいげん》なく
3784,雄弁に,ゆうべんに,雄弁《ゆうべん》に
3785,集合的に,しうごうてきに,集合的《しゅうごうてき》に
3786,離れて,はなれて,離《はな》れて
3787,離散的に,りさんてきに,離散的《りさんてき》に
3788,難なく,なんなく,難《なん》なく
3789,電子的に,でんしてきに,電子的《でんしてき》に
3790,霊的に,れいてきに,霊的《れいてき》に
3791,露骨に,ろこつに,露骨《ろこつ》に
3792,静かに,しずかに,静《しず》かに
3793,非倫理的に,ひろんりてきに,非倫理的《ひろんりてき》に
3794,非公式に,ひこうしきに,非公式《ひこうしき》に
3795,非常に,ひじうに,非常《ひじょう》に
3796,非常に,ひじうににが,非常《ひじょうに》に《程度が》
3797,非常識に,ひじうしきに,非常識《ひじょうしき》に
3798,非情に素晴らしく,ひじうにすばらしく,非情《ひじょう》に素晴《すば》らしく
3799,非現実的に,ひげんじつてきに,非現実的《ひげんじつてき》に
3800,非生産的な方法で,ひせいさんてきなほうほうで,非生産的《ひせいさんてき》な方法《ほうほう》で
3801,革新的に,かくしんてきに,革新的《かくしんてき》に
3802,音楽的に,おんがくてきに,音楽的《おんがくてき》に
3803,順調に,じんちうに,順調《じゅんちょう》に
3804,頑丈に,がんじうに,頑丈《がんじょう》に
3805,頑固に,がんこに,頑固《がんこ》に
3806,頻繁に,ひんぱんに,頻繁《ひんぱん》に
3807,顕著に,けんちに,顕著《けんちょ》に
3808,類似して,るいじして,類似《るいじ》して
3809,首尾よく,しびよく,首尾《しゅび》よく
3810,馬鹿げて,ばかげて,馬鹿《ばか》げて
3811,馬鹿馬鹿しいほど,ばかばかしいほど,馬鹿馬鹿《ばかばか》しいほど
3812,驚いたことに,おどろいたことに,驚《おどろ》いたことに
3813,驚いて,おどろいて,驚《おどろ》いて
3814,驚くほど,おどろくほど,驚《おどろ》くほど
3815,高度に,こうどに,高度《こうど》に
3816,魅力的な態度で,みりくてきなたいどで,魅力的《みりょくてき》な態度《たいど》で
3817,鮮やかに,あざやかに,鮮《あざ》やかに
3818,照明器具,しうめいきぐ,照明器具《しょうめいきぐ》
3819,[手順の]説明,てじんのせつめい,[手順《てじゅん》の]説明《せつめい》
3820,殺虫剤,さちうざい,殺虫剤《さっちゅうざい》
3821,結婚披露宴,けこんひろうえん,結婚披露宴《けっこんひろうえん》
3822,熟語,じくご,熟語《じゅくご》
3823,フレーズ,ふれず,フレーズ
3824,ケガ,けが,ケガ
3825,傷,きず,傷《きず》
3826,打撲,だぼく,打撲《だぼく》
3827,捻挫,ねんざ,捻挫《ねんざ》
3828,英会話スクール,えいかいわすくる,英会話《えいかいわ》スクール
3829,フランス語,ふらんすご,フランス語《ご》
3830,ドイツ語,どいつご,ドイツ語《ご》
3831,イタリア語,いたりあご,イタリア語《ご》
3832,韓国語,かんこくご,韓国語《かんこくご》
3833,ロシア語,ろしあご,ロシア語《ご》
3834,中国語,ちうごくご,中国語《ちゅうごくご》
3835,日本語,にほんご,日本語《にほんご》
3836,日本人,にほんじん,日本人《にほんじん》
3837,アメリカ人,あめりかじん,アメリカ人《じん》
3838,フランス人,ふらんすじん,フランス人《じん》
3839,イギリス人,いぎりすじん,イギリス人《じん》
3840,ドイツ人,どいつじん,ドイツ人《じん》
3841,イタリア人,いたりあじん,イタリア人《じん》
3842,韓国人,かんこくじん,韓国人《かんこくじん》
3843,ロシア人,ろしあじん,ロシア人《じん》
3844,中国人,ちうごくじん,中国人《ちゅうごくじん》
3845,宇宙,うちう,宇宙《うちゅう》
3846,悪夢,あくむ,悪夢《あくむ》
3847,隣人,りんじん,隣人《りんじん》
3848,近所,きんじ,近所《きんじょ》
3849,金魚,きんぎ,金魚《きんぎょ》
3850,気分,きぶん,気分《きぶん》
3851,太陽,たいよう,太陽《たいよう》
3852,日光,にこう,日光《にっこう》
3853,月光,げこう,月光《げっこう》
3854,カレンダー,かれんだ,カレンダー
3855,中華料理,ちうかりうり,中華料理《ちゅうかりょうり》
3856,イタリア料理,いたりありうり,イタリア料理《りょうり》
3857,水道水,すいどうすい,水道水《すいどうすい》
3858,評判,ひうばん,評判《ひょうばん》
3859,感謝,かんし,感謝《かんしゃ》
3860,同僚,どうりう,同僚《どうりょう》
3861,恐れ,おそれ,恐《おそ》れ
3862,恐怖心,きうふしん,恐怖心《きょうふしん》
3863,疑惑,ぎわく,疑惑《ぎわく》
3864,お寺,おてら,お寺《てら》
3865,グループ,ぐるぷ,グループ
3866,親戚,しんせき,親戚《しんせき》
3867,台湾,たいわん,台湾《たいわん》
3868,交通機関,こうつうきかん,交通機関《こうつうきかん》
3869,レストラン,れすとらん,レストラン
3870,丸薬,がんやく,丸薬《がんやく》
3871,腸,ちう,腸《ちょう》
3872,主人公,しじんこう,主人公《しゅじんこう》
3873,ヒーロー,ひろ,ヒーロー
3874,ヒロイン,ひろいん,ヒロイン
3875,大腸,だいちう,大腸《だいちょう》
3876,小腸,しうちう,小腸《しょうちょう》
3877,象徴,しうちう,象徴《しょうちょう》
3878,人だかり,ひとだかり,人《ひと》だかり
3879,意欲,いよく,意欲《いよく》
3880,密度,みつど,密度《みつど》
3881,想像力,そうぞうりく,想像力《そうぞうりょく》
3882,大家,おおや,大家《おおや》
3883,招待状,しうたいじう,招待状《しょうたいじょう》
3884,治療,ちりう,治療《ちりょう》
3885,乗り物,のりもの,乗《の》り物《もの》
3886,ジェットコースター,じとこすた,ジェットコースター
3887,観覧車,かんらんし,観覧車《かんらんしゃ》
3888,アトラクション,あとらくしん,アトラクション
3889,不平,ふへい,不平《ふへい》
3890,文句,もんく,文句《もんく》
3891,遺跡,いせき,遺跡《いせき》
3892,いんちき,いんちき,いんちき
3893,偽物,にせもの,偽物《にせもの》
3894,輸入品,ゆにうひん,輸入品《ゆにゅうひん》
3895,小売店,こうりてん,小売店《こうりてん》
3896,水分,すいぶん,水分《すいぶん》
3897,天皇陛下,てんのうへいか,天皇陛下《てんのうへいか》
3898,皇后陛下,こうごうへいか,皇后陛下《こうごうへいか》
3899,皇居,こうき,皇居《こうきょ》
3900,寄付,きふ,寄付《きふ》
3901,慈善運動,じぜんうんどう,慈善運動《じぜんうんどう》
3902,共同制作,きうどうせいさく,共同制作《きょうどうせいさく》
3903,欠点,けてん,欠点《けってん》
3904,利点,りてん,利点《りてん》
3905,長所,ちうし,長所《ちょうしょ》
3906,短所,たんし,短所《たんしょ》
3907,交通安全運動,こうつうあんぜんうんどう,交通安全運動《こうつうあんぜんうんどう》
3908,急行,きうこう,急行《きゅうこう》
3909,祭壇,さいだん,祭壇《さいだん》
3910,供え物,そなえもの,供《そな》え物《もの》
3911,裾,すそ,裾《すそ》
3912,感謝,かんし,感謝《かんしゃ》
3913,楽器,がき,楽器《がっき》
3914,ゲームセンター,げむせんた,ゲームセンター
3915,担架,たんか,担架《たんか》
3916,応急処置,おうきうしち,応急処置《おうきゅうしょち》
3917,救急箱,きうきうばこ,救急箱《きゅうきゅうばこ》
3918,救急隊員,きうきうたいいん,救急隊員《きゅうきゅうたいいん》
3919,違い,ちがい,違《ちが》い
3920,相違,そうい,相違《そうい》
3921,ひげ,ひげ,ひげ
3922,配達,はいたつ,配達《はいたつ》
3923,配達員,はいたついん,配達員《はいたついん》
3924,擦り傷,すりきず,擦《す》り傷《きず》
3925,打撲,だぼく,打撲《だぼく》
3926,市長,しちう,市長《しちょう》
3927,票,ひう,票《ひょう》
3928,投票所,とうひうじ,投票所《とうひょうじょ》
3929,有権者,ゆうけんし,有権者《ゆうけんしゃ》
3930,いじめ,いじめ,いじめ
3931,票,ひう,票《ひょう》
3932,家具,かぐ,家具《かぐ》
3933,家具店,かぐてん,家具店《かぐてん》
3934,食料品店,しくりうひんてん,食料品店《しょくりょうひんてん》
3935,音響効果,おんきうこうか,音響効果《おんきょうこうか》
3936,無駄,むだ,無駄《むだ》
3937,賞味期限,しうみきげん,賞味期限《しょうみきげん》
3938,有効期限,ゆうこうきげん,有効期限《ゆうこうきげん》
3939,彫刻,ちうこく,彫刻《ちょうこく》
3940,像,ぞう,像《ぞう》
3941,ノミ,のみ,ノミ
3942,ダニ,だに,ダニ
3943,めったに~ない,めったに~ない,めったに~ない
3944,年の割には,としのわりには,年《とし》の割《わり》には
3945,一種の,いしの,一種《いっしゅ》の
3946,英語で,えいごで,英語《えいご》で
3947,日本語で,にほんごで,日本語《にほんご》で
3948,によって,によて,によって
3949,[物事]に,ものごとに,[物事《ものごと》]に
3950,が,が,が
3951,については,については,については
3952,を,を,を
3953,のあいだで,のあいだで,のあいだで
3954,の,の,の
3955,と一緒で,といしで,と一緒《いっしょ》で
3956,ヨーロッパ,よろぱ,ヨーロッパ
3957,イギリス,いぎりす,イギリス
3958,アメリカ,あめりか,アメリカ
3959,カナダ,かなだ,カナダ
3960,オーストラリア,おすとらりあ,オーストラリア
3961,インド,いんど,インド
3962,ドイツ,どいつ,ドイツ
3963,ロシア,ろしあ,ロシア
3964,イタリア,いたりあ,イタリア
3965,フランス,ふらんす,フランス
3966,スペイン,すぺいん,スペイン
3967,中国,ちうごく,中国《ちゅうごく》
3968,香港,ほんこん,香港《ほんこん》
3969,韓国,かんこく,韓国《かんこく》
3970,南米,なんべい,南米《なんべい》
3971,東南アジア,とうなんあじあ,東南《とうなん》アジア
3972,アフリカ,あふりか,アフリカ
3973,外国,がいこく,外国《がいこく》
3974,みんな,みんな,みんな
3975,だれか,だれか,だれか
3976,だれか,だれか,だれか
3977,バッテリー,ばてり,バッテリー
3978,日用品,にちようひん,日用品《にちようひん》
3979,必需品,ひつじひん,必需品《ひつじゅひん》
3980,食料品,しくりうひん,食料品《しょくりょうひん》
3981,山登り,やまのぼり,山登《やまのぼ》り
3982,さよなら,さよなら,さよなら
3983,違い,ちがい,違《ちが》い
3984,相違,そうい,相違《そうい》
3985,公共料金,こうきうりうきん,公共料金《こうきょうりょうきん》
3986,光熱費,こうねつひ,光熱費《こうねつひ》
3987,締切日,しめきりび,締切日《しめきりび》
3988,電気料金,でんきりうきん,電気料金《でんきりょうきん》
3989,水道代,すいどうだい,水道代《すいどうだい》
3990,ガス代,がすだい,ガス代《だい》
3991,電話代,でんわだい,電話代《でんわだい》
3992,主婦,しふ,主婦《しゅふ》
3993,子育て,こそだて,子育《こそだ》て
3994,競馬,けいば,競馬《けいば》
3995,競馬場,けいばじう,競馬場《けいばじょう》
3996,広場,ひろば,広場《ひろば》
3997,中庭,なかにわ,中庭《なかにわ》
3998,裏庭,うらにわ,裏庭《うらにわ》
3999,公衆,こうしう,公衆《こうしゅう》
4000,講習,こうしう,講習《こうしゅう》
4001,日焼け,ひやけ,日焼《ひや》け
4002,日焼け,ひやけ,日焼《ひや》け
4003,居間,いま,居間《いま》
4004,リビングルーム,りびんぐるむ,リビングルーム
4005,高さ,たかさ,高《たか》さ
4006,幅,はば,幅《はば》
4007,ハウスメーカー,はうすめか,ハウスメーカー
4008,ミス,みす,ミス
4009,床,ゆか,床《ゆか》
4010,カーテンレール,かてんれる,カーテンレール
4011,ホルダー,ほるだ,ホルダー
4012,強火,つよび,強火《つよび》
4013,中火,ちうび,中火《ちゅうび》
4014,弱火,よわび,弱火《よわび》
4015,を,を,を
4016,することを,することを,することを
4017,するための,するための,するための
4018,での,での,での
4019,へ,へ,へ
4020,用の,ようの,用《よう》の
4021,するのを,するのを,するのを
4022,するように,するように,するように
4023,をするのに,をするのに,をするのに
4024,を,を,《を》
4025,私たちの,わたしたちの,私《わたし》たちの
4026,あなたたちの,あなたたちの,あなたたちの
4027,彼女たちの,かのじょたちの,彼女《かのじょ》たちの
4028,ひとりかふたりの,ひとりかふたりの,ひとりかふたりの
4029,2,3人の,にさんにんの,2,3人《にさんにん》の
4030,何人かの,なんにんかの,何人《なんにん》かの
4031,たくさんの,たくさんの,たくさんの
4032,多くの,おおくの,多《おお》くの
4033,一匹の,いっぴきの,一匹《いっぴき》の
4034,1匹か2匹の,1ぴきか2ひきの,1匹《ぴき》か2匹《にひき》の
4035,2,3匹の,2,3びきの,2,3匹《びき》の
4036,何匹かの,なんびきかの,何匹《なんびき》かの
4037,友人,ゆうじん,友人《ゆうじん》
4038,おとうさん,おとうさん,おとうさん
4039,おかあさん,おかあさん,おかあさん
4040,両親,りょうしん,両親《りょうしん》
4041,姉,あね,姉《あね》
4042,妹,いもうと,妹《いもうと》
4043,兄,あに,兄《あに》
4044,弟,おとうと,弟《おとうと》
4045,ボーイフレンド,ぼーいふれんど,ボーイフレンド
4046,ガールフレンド,がーるふれんど,ガールフレンド
4047,おじいちゃん,おじいちん,おじいちゃん
4048,おばあちゃん,おばあちん,おばあちゃん
4049,叔父さん,おじさん,叔父《おじ》さん
4050,叔母さん,おばさん,叔母《おば》さん
4051,イヌ,いぬ,イヌ
4052,ネコ,ねこ,ネコ
4053,上司,じょうし,上司《じょうし》
4054,クラスメート,くらすめーと,クラスメート
4055,人たち,ひとたち,人《ひと》たち
4056,男の人,おとこのひと,男《おとこ》の人《ひと》
4057,女の人,おんなのひと,女《おんな》の人《ひと》
4058,孫,まご,孫《まご》
4059,友人たち,ゆうじんたち,友人《ゆうじん》たち
4060,おとうさんたち,おとうさんたち,おとうさんたち
4061,おかあさんたち,おかあさんたち,おかあさんたち
4062,親たち,おやたち,親《おや》たち
4063,姉たち,あねたち,姉《あね》たち
4064,妹たち,いもうとたち,妹《いもうと》たち
4065,兄たち,あにたち,兄《あに》たち
4066,弟たち,おとうとたち,弟《おとうと》たち
4067,ボーイフレンド,ぼーいふれんど,ボーイフレンド
4068,ガールフレンド,がーるふれんど,ガールフレンド
4069,夫たち,おっとたち,夫《おっと》たち
4070,妻たち,つまたち,妻《つま》たち
4071,おじいちゃんたち,おじいちゃんたち,おじいちゃんたち
4072,おばあちゃんたち,おばあちゃんたち,おばあちゃんたち
4073,叔父さんたち,おじさんたち,叔父《おじ》さんたち
4074,叔母さんたち,おばさんたち,叔母《おば》さんたち
4075,息子たち,むすこたち,息子《むすこ》たち
4076,娘たち,むすめたち,娘《むすめ》たち
4077,子供たち,こどもたち,子供《こども》たち
4078,イヌたち,いぬたち,イヌたち
4079,ネコたち,ねこたち,ネコたち
4080,上司たち,じょうしたち,上司《じょうし》たち
4081,同僚たち,どうりょうたち,同僚《どうりょう》たち
4082,先生たち,せんせいたち,先生《せんせい》たち
4083,クラスメートたち,くらすめーとたち,クラスメートたち
4084,男の人たち,おとこのひとたち,男《おとこ》の人《ひと》たち
4085,女の人たち,おんなのひとたち,女《おんな》の人《ひと》たち
4086,孫たち,まごたち,孫《まご》たち
4087,地下《ちか》2階《にかい》で,ちかにかいで,地下《ちか》2階《にかい》で
4088,地下《ちか》2階《にかい》に,ちかにかいに,地下《ちか》2階《にかい》に
4089,渋谷《しぶや》で,しぶやで,渋谷《しぶや》で
4090,渋谷《しぶや》に,しぶやに,渋谷《しぶや》に
4091,飛行機《ひこうき》の中《なか》で,ひこうきのなかで,飛行機《ひこうき》の中《なか》で
4092,飛行機《ひこうき》の中《なか》に,ひこうきのなかに,飛行機《ひこうき》の中《なか》に
4093,地下《ちか》で,ちかで,地下《ちか》で
4094,地下《ちか》に,ちかに,地下《ちか》に
4095,ベッドで,べどで,ベッドで
4096,ベッドに,べどに,ベッドに
4097,本《ほん》に,ほんに,本《ほん》に
4098,建物《たてもの》で,たてもので,建物《たてもの》で
4099,建物《たてもの》に,たてものに,建物《たてもの》に
4100,バス停《てい》で,ばすていで,バス停《てい》で
4101,バス停《てい》に,ばすていに,バス停《てい》に
4102,バスの中《なか》で,ばすのなかで,バスの中《なか》で
4103,バスの中《なか》に,ばすのなかに,バスの中《なか》に
4104,車《くるま》の中《なか》で,くるまのなかで,車《くるま》の中《なか》で
4105,車《くるま》の中《なか》に,くるまのなかに,車《くるま》の中《なか》に
4106,イスで,いすで,イスで
4107,イスに,いすに,イスに
4108,カウンターで,かうんたで,カウンターで
4109,カウンターに,かうんたに,カウンターに
4110,横断歩道《おうだんほどう》で,おうだんほどうで,横断歩道《おうだんほどう》で
4111,横断歩道《おうだんほどう》に,おうだんほどうに,横断歩道《おうだんほどう》に
4112,デパートで,でぱとで,デパートで
4113,デパートに,でぱとに,デパートに
4114,机《つくえ》で,つくえで,机《つくえ》で
4115,机《つくえ》に,つくえに,机《つくえ》に
4116,ドアに,どあに,ドアに
4117,ドアのところで,どあのところで,ドアのところで
4118,エレベーターで,えれべたで,エレベーターで
4119,エレベーターに,えれべたに,エレベーターに
4120,玄関《げんかん》で,げんかんで,玄関《げんかん》で
4121,玄関《げんかん》に,げんかんに,玄関《げんかん》に
4122,5階《ごかい》で,ごかいで,5階《ごかい》で
4123,5階《ごかい》に,ごかいに,5階《ごかい》に
4124,床《ゆか》で,ゆかで,床《ゆか》で
4125,床《ゆか》に,ゆかに,床《ゆか》に
4126,ここで,ここで,ここで
4127,ここでは,ここでは,ここでは
4128,ここに,ここに,ここに
4129,家《いえ》で,いえで,家《いえ》で
4130,家《いえ》に,いえに,家《いえ》に
4131,ホテルで,ほてるで,ホテルで
4132,ホテルに,ほてるに,ホテルに
4133,交差点《こうさてん》で,こうさてんで,交差点《こうさてん》で
4134,交差点《こうさてん》に,こうさてんに,交差点《こうさてん》に
4135,雑誌《ざっし》に,ざしに,雑誌《ざっし》に
4136,ニュースで,にすで,ニュースで
4137,ニュースに,にすに,ニュースに
4138,オフィスで,おふすで,オフィスで
4139,オフィスに,おふすに,オフィスに
4140,公園《こうえん》で,こうえんで,公園《こうえん》で
4141,公園《こうえん》に,こうえんに,公園《こうえん》に
4142,パーティーで,ぱてで,パーティーで
4143,パーティーに,ぱてに,パーティーに
4144,レストランで,れすとらんで,レストランで
4145,レストランに,れすとらんに,レストランに
4146,屋上《おくじょう》で,おくじうで,屋上《おくじょう》で
4147,屋上《おくじょう》に,おくじうに,屋上《おくじょう》に
4148,部屋《へや》で,へやで,部屋《へや》で
4149,部屋《へや》に,へやに,部屋《へや》に
4150,お店《みせ》で,おみせで,お店《みせ》で
4151,お店《みせ》に,おみせに,お店《みせ》に
4152,ソファで,そふで,ソファで
4153,ソファに,そふに,ソファに
4154,階段《かいだん》で,かいだんで,階段《かいだん》で
4155,階段《かいだん》に,かいだんに,階段《かいだん》に
4156,駅《えき》で,えきで,駅《えき》で
4157,駅《えき》に,えきに,駅《えき》に
4158,道路《どうろ》で,どうろで,道路《どうろ》で
4159,道路《どうろ》に,どうろに,道路《どうろ》に
4160,テーブルで,てぶるで,テーブルで
4161,テーブルに,てぶるに,テーブルに
4162,タクシーの中《なか》で,たくしのなかで,タクシーの中《なか》で
4163,タクシーの中《なか》に,たくしのなかに,タクシーの中《なか》に
4164,そこで,そこで,そこで
4165,そこでは,そこでは,そこでは
4166,そこに,そこに,そこに
4167,電車《でんしゃ》の中《なか》で,でんしのなかで,電車《でんしゃ》の中《なか》で
4168,電車《でんしゃ》の中《なか》に,でんしのなかに,電車《でんしゃ》の中《なか》に
4169,壁《かべ》に,かべに,壁《かべ》に
4170,窓《まど》に,まどに,窓《まど》に
4171,窓《まど》のところで,まどのところで,窓《まど》のところで
4172,流行,はや,流行《はや》
4173,明らかにな,あきらかにな,明《あき》らかにな
4174,満開にな,まんかいにな,満開《まんかい》にな
4175,変わ,かわ,変《か》わ
4176,長くな,ながくな,長《なが》くな
4177,上が,あが,上《あ》が
4178,上が,あが,上《あ》が
4179,時間がかか,じかんがかか,時間《じかん》がかか
4180,始ま,はじま,始《はじ》ま
4181,始ま,はじま,始《はじ》ま
4182,散,ち,散《ち》
4183,広が,ひろが,広《ひろ》が
4184,光,ひか,光《ひか》
4185,見えなくな,みえなくな,見《み》えなくな
4186,曲が,まが,曲《ま》が
4187,下が,さが,下《さ》が
4188,下が,さが,下《さ》が
4189,温ま,あたたま,温《あたた》ま
4190,ヒビが入,ひびがはい,ヒビが入《はい》
4191,ひっくり返,ひくりかえ,ひっくり返《かえ》
4192,という結果にな,というけかにな,という結果《けっか》にな
4193,つなが,つなが,つなが
4194,すり減,すりへ,すり減《へ》
4195,きつく締ま,きつくしま,きつく締《し》ま
4196,お金がかか,おかねがかか,お金《かね》がかか
4197,冷え,ひえ,冷《ひ》え
4198,流れ,ながれ,流《なが》れ
4199,売れ,うれ,売《う》れ
4200,燃え,もえ,燃《も》え
4201,入って,はいて,入《はい》って
4202,適用でき,てきようでき,適用《てきよう》でき
4203,増え,ふえ,増《ふ》え
4204,切れ,きれ,切《き》れ
4205,人気が出,にんきがで,人気《にんき》が出《で》
4206,伸び,のび,伸《の》び
4207,上がって,あがて,上《あ》がって
4208,腫れ,はれ,腫《は》れ
4209,割れ,われ,割《わ》れ
4210,開催され,かいさいされ,開催《かいさい》され
4211,下がって,さがて,下《さ》がって
4212,溢れ,あふれ,溢《あふ》れ
4213,とれ,とれ,とれ
4214,出てく,てく,出てく
4215,はずれ,はずれ,はずれ
4216,続,つづ,続《つづ》
4217,積み重な,つみかさな,積《つ》み重《かさ》な
4218,起き,おき,起《お》き
4219,たま,たま,たま
4220,くっつ,くつ,くっつ
4221,沸,わ,沸《わ》
4222,乾,かわ,乾《かわ》
4223,開,あ,開《あ》
4224,咲,さ,咲《さ》
4225,効,き,効《き》
4226,合,あ,合《あ》
4227,合,あ,合《あ》
4228,合,あ,合《あ》
4229,サイズが合,さいずがあ,サイズが合《あ》
4230,から,から,から
4231,から,から,から
4232,薬などが,くすりなどが,薬《くすり》などが
4233,~色に,~いろに,《~色《いろ》》に
4234,ひとつかふたつの,ひとつかふたつの,ひとつかふたつの
4235,2,3の,にさんの,2,3《にさん》の
4236,いくつかの,いくつかの,いくつかの
4237,一人の,ひとりの,一人《ひとり》の
4238,上辺は,うわべは,上辺《うわべ》は
4239,驚くことに,おどろくことに,驚《おどろ》くことに
4240,可能なら,かのうなら,可能《かのう》なら
4241,期待して,きたいして,期待《きたい》して
4242,結果的に,けかてきに,結果的《けっかてき》に
4243,小声で,こごえで,小声《こごえ》で
4244,最初に,さいしに,最初《さいしょ》に
4245,最初は,さしは,最初《さしょ》は
4246,細部において,さいぶにおいて,細部《さいぶ》において
4247,心理的に,しんりてきに,心理的《しんりてき》に
4248,すぐに,すぐに,すぐに
4249,当初,とうし,当初《とうしょ》
4250,ひとつずつ,ひとつずつ,ひとつずつ
4251,普通は,ふつうは,普通《ふつう》は
4252,本能的に,ほんのうてきに,本能的《ほんのうてき》に
4253,めったに~ない,めたにない,めったに~ない
4254,陽気に,ようきに,陽気《ようき》に
4255,要は,ようは,要《よう》は
4256,私の考えでは,わたしのかんがえでは,私《わたし》の考《かんが》えでは
